,Venue,Venue Latitude,Venue Longitude,Venue Category
0,Merwans Cake shop,19.119300215885474,72.84541776016009,Bakery
1,Jaffer Bhai's Delhi Darbar,19.137714056593047,72.84590930883026,Mughlai Restaurant
2,Hard Rock Cafe Andheri,19.13599450781993,72.8353350383582,American Restaurant
3,Joey's Pizza,19.126762155150107,72.83000121236746,Pizza Place
4,Narayan Sandwich,19.121397691078766,72.85027035501028,Sandwich Place
5,Pizza Express,19.131893498780688,72.83466849836763,Pizza Place
6,Mainland China,19.14039064038241,72.8380325219362,Chinese Restaurant
7,Indigo Delicatessen,19.1364504468811,72.82756504045669,Mediterranean Restaurant
8,Bistro 1 Cafe,19.136656435439225,72.82913638330596,Café
9,Shawarma Factory,19.124590572173467,72.8403981304492,Falafel Restaurant
10,"5 Spice , Bandra",19.130421080343595,72.84720633881638,Chinese Restaurant
11,Dakshinayan,19.112771842540127,72.82565306659686,Indian Restaurant
12,Alfredos Bar & Diner,19.139471751527417,72.8315149191101,Diner
13,015's Café,19.1342081469728,72.82610027343061,Comfort Food Restaurant
14,Barbeque Nation,19.136210861270595,72.83345280721782,BBQ Joint
15,Eden Bakery,19.142848081704912,72.82476443571024,Bakery
16,Prithvi Cafe,19.106153210060764,72.82586610755753,Café
17,The Calcutta Club,19.148738212949493,72.83143562237763,Bengali Restaurant
18,Fareed Seekh Kebab,19.14333600769705,72.83794296972663,Indian Restaurant
19,Pratap's The Dhaba,19.14887624830474,72.83209746279675,Indian Restaurant
20,Tanjore Tiffin Room,19.128438,72.81715,South Indian Restaurant
21,Shree Gangour Sweets,19.115077614539207,72.83436582858621,Indian Restaurant
22,Mainland China,19.141313950168616,72.83256234609917,Chinese Restaurant
23,Le15 Patisserie,19.15251493490186,72.83092221126502,Bakery
24,Mad Over Donuts,19.14264386893489,72.82476738600698,Donut Shop
25,Mahesh Lunch Home,19.10367993652122,72.82679442182634,Seafood Restaurant
26,B'wiched,19.111256543078373,72.82661517207845,American Restaurant
27,Radha Krishna Veg Restaurant,19.115130144160013,72.84305962889206,Indian Restaurant
28,Anand Dosa,19.102981786665428,72.83686050799356,Breakfast Spot
29,Gulati Sweets and Snacks,19.123231,72.864335,Indian Restaurant
30,KFC,19.13526761679155,72.83293660965955,Fast Food Restaurant
31,Khau galli,19.10038667062046,72.84267717056767,Food Truck
32,The Chocolate Heaven,19.104219376484483,72.83675861374584,Café
33,China Gate,19.140098188844455,72.83153912383088,Chinese Restaurant
34,Tirupati Dosa Center,19.12826918546156,72.81685418152304,Indian Restaurant
35,Lotus Café,19.101771937861287,72.82566422851737,Indian Restaurant
36,Sammy Sosa,19.151204813237435,72.83175228577498,Mexican Restaurant
37,Nandu Dosa,19.1165819791634,72.82704994833412,Diner
38,Jam Jar Diner,19.132830122875927,72.81226821651121,Diner
39,Gajalee,19.10382741461241,72.83102812899264,Seafood Restaurant
40,The Good Food Co.,19.098453349622396,72.84576866155109,Café
41,Arola @ JW Marriott,19.101647327380633,72.8254768604747,Spanish Restaurant
42,Gajalee,19.10369200713705,72.85167550882265,Seafood Restaurant
43,Babu Cha Vada,19.1033126238013,72.84857615037404,Snack Place
44,Shabri Veg Restaurant,19.13615756813534,72.8271702616078,Indian Restaurant
45,Peshawari,19.10395400387377,72.86987902868673,Indian Restaurant
46,Indigo Deli,19.13642952061536,72.82755288854011,Italian Restaurant
47,Tiwari Bros. Mithaiwala,19.115056269910802,72.8344956058685,Indian Restaurant
48,Carter's Blue,19.139599362001828,72.83160179473985,Indian Restaurant
49,"Peshawri Restaurant, Itc, Mumbai",19.10928336415873,72.8698912957299,Indian Restaurant
50,Jacky Bhel Puri,19.11363278970635,72.83470196944536,Indian Restaurant
51,Me Marathi,19.102417701434753,72.84654118690055,Maharashtrian Restaurant
52,Di Bella,19.125454233244547,72.8223460003714,Café
53,Subway,19.14125035277429,72.83141864411192,Deli / Bodega
54,Olio,19.108843595181746,72.82392931219455,Italian Restaurant
55,Barrio,19.136511404003564,72.81014070132593,Restaurant
56,Quesso Risorante,19.14877199833972,72.83138134685903,Italian Restaurant
57,Maharaja Restaurant,19.116154809545993,72.85581626501495,Indian Restaurant
58,Guru Da Dhaba,19.141420469632642,72.8251707630685,Vegetarian / Vegan Restaurant
59,Lemon Leaf,19.139779387111414,72.82936873216538,Asian Restaurant
60,Delicacy of China,19.142327952964017,72.82932573085064,Chinese Restaurant
61,Mad Over Donuts,19.125533442429646,72.82228098165848,Donut Shop
62,The Coffee Bean & Tea Leaf,19.11062745905693,72.82528211526264,Café
63,Urban Tadka,19.12701051542414,72.82183256427811,Indian Restaurant
64,Debonairs Pizza,19.12555705959572,72.82244078771572,Pizza Place
65,Glass House @ Hyatt Hotel,19.10368684595821,72.87161592088513,Restaurant
66,The House,19.13101420194339,72.8139107478365,Café
67,Gajalee Coastal Food Annexure,19.117567194128657,72.86748485224203,Seafood Restaurant
68,Shanghai,19.104778659219615,72.84852180117035,Chinese Restaurant
69,Lucky Sandwich,19.10027443707427,72.8425053618019,Sandwich Place
70,Bru World Cafe,19.15104866766351,72.83570650463186,Café
71,Basil The Italian Cafe,19.109424253865374,72.85322394388633,Café
72,Banana Leaf,19.12515498243111,72.82258041206991,Vegetarian / Vegan Restaurant
73,Facing East,19.110120035881774,72.82745431250346,Chinese Restaurant
74,Chilly & Onion restaurant,19.131109687937652,72.86912325869923,Asian Restaurant
75,Bombay Baking Company,19.101835704267714,72.82592211594061,Bakery
76,Yogos Frozen Yogurt Cafe,19.1464995536633,72.82353376496837,Café
77,Citrus Café,19.10914485064099,72.8741480606626,Indian Restaurant
78,King chilly,19.11065238563932,72.85296431874953,Chinese Restaurant
79,Leaping Windows Cafe,19.13877514639195,72.81348180517033,Café
80,Maroosh,19.15137046934379,72.83157736657749,Middle Eastern Restaurant
81,Pan Asian,19.104424065333735,72.86975055081648,Asian Restaurant
82,Vasu Sandwitch,19.157016613722135,72.84606972745243,Sandwich Place
83,Harish: Restaurant & Bar,19.10851908963802,72.8403827444371,Seafood Restaurant
84,noodle bar,19.110671412524386,72.82543094240283,Asian Restaurant
85,Sapre,19.16662147339827,72.84754674423122,Fast Food Restaurant
86,Scrumptious Eatery,19.13585886015648,72.80965332858649,Bakery
87,Le Cirque Signature,19.1099863404606,72.87355461310726,Italian Restaurant
88,Barista,19.150038534503114,72.83136830617241,Café
89,Shri Datta Snacks,19.16393172436743,72.85267324647458,Snack Place
90,The Spare Kitchen,19.10706452945956,72.82585664739476,Restaurant
91,Chaayos,19.133940586140568,72.81127052237414,Café
92,Samvene,19.10805406995919,72.87957777599273,Bagel Shop
93,Kebab Corner,19.124841814096456,72.86466369553679,Indian Restaurant
94,Satkar Rice Plate,19.165100568761734,72.85071422259983,Seafood Restaurant
95,Blue Tokai Coffee Roasters,19.132763,72.81233,Café
96,Khasiyat,19.100524805839562,72.83963009322807,Indian Restaurant
97,Kali Bhaji,19.102823026856715,72.83960190380834,Indian Restaurant
98,Burger King,19.107589968755946,72.88284726769875,Fast Food Restaurant
99,Sai Veg World,19.164900980273732,72.85040601689971,Indian Restaurant
117,J W Cafe,19.103211778505766,72.87750391468353,Restaurant
122,Stax,19.103658594428307,72.87161375246681,Italian Restaurant
129,Hit & Run,19.107787469190956,72.86333266520172,Falafel Restaurant
132,Baluchi,19.10554010860746,72.87528529491198,Indian Restaurant
136,Pizza Express,19.107447757123097,72.88345355722812,Italian Restaurant
138,Faaso's,19.113938442040993,72.86232968704125,Fast Food Restaurant
139,5 Spice,19.10639930536456,72.8845090094163,Chinese Restaurant
143,Summer Harvest,19.096881619639312,72.85035985331969,Indian Restaurant
145,Amreli,19.096166320277817,72.87467378875775,Fast Food Restaurant
146,Shiv Sagar,19.09837282774542,72.84621970281538,Indian Restaurant
147,Global Fusion,19.108244004465607,72.88317819041956,Restaurant
149,LOVE SUGAR DOUGH,19.097939226275706,72.84587506558769,Bakery
150,China Gate,19.11859711445652,72.86988816192876,Asian Restaurant
151,Ram Krishna Hotel,19.09870165534156,72.84452835911915,Indian Restaurant
152,Bisleri Chaatwala,19.110538098443268,72.85406051188238,Food Truck
157,Great Wall,19.109154003104717,72.87415004470053,Chinese Restaurant
159,Sun Moon & Potatoes,19.12409661222563,72.86988272955683,Italian Restaurant
160,Dum Pukth,19.10406987143994,72.86982150430973,Indian Restaurant
163,Gurukripa,19.11686555161323,72.88930157762846,Indian Restaurant
164,TFB,19.106159052044173,72.88467114306954,Fast Food Restaurant
166,Benzys,19.120164868254616,72.88009965676395,Indian Restaurant
168,Naaz Hotel,19.084781503065777,72.8892339015137,Indian Restaurant
172,Sandwizzaa,19.08070030358886,72.84041405733342,Sandwich Place
177,Joss,19.085573692737334,72.83469121072112,Japanese Restaurant
178,Spirit Kitchen & Bar,19.106812165160576,72.88116503339843,Indian Restaurant
179,Barbeque Nation,19.107612906758266,72.88402422433657,BBQ Joint
182,Cafe Mangii,19.12026013177446,72.90705213863036,Italian Restaurant
183,Estella,19.090822204938927,72.82710681607999,Australian Restaurant
184,Namak,19.09561883482252,72.85395589295454,Indian Restaurant
185,Subway,19.100888273706282,72.83939996185501,Sandwich Place
187,Masala Library,19.068930524673345,72.86973766149534,Indian Restaurant
188,Mad Over Donuts,19.092991778695207,72.8561778814391,Donut Shop
190,Romano's,19.103115186318856,72.87740772320647,Italian Restaurant
191,Cafe Arfa,19.12893009094341,72.84714004510111,Indian Restaurant
192,Global Fusion China Gate Restaurant,19.123717670772518,72.86990283382454,Asian Restaurant
193,Celini,19.076830763570356,72.8517335581244,Italian Restaurant
194,Chakra Restaurant & Bar,19.1034718702735,72.88620503396372,Indian Restaurant
195,Mirchi And Mime,19.120019581790373,72.90744773182578,North Indian Restaurant
197,Curry Twist,19.10326444705734,72.88622571373216,Vegetarian / Vegan Restaurant
271,Fusion Wong's,19.109716658861412,72.82446353523873,Chinese Restaurant
275,Sampan,19.108804770372586,72.82392234696351,Chinese Restaurant
276,Saffron,19.10177106938794,72.82563404993581,Indian Restaurant
278,Chaicoffi,19.13340026526733,72.81168601055077,Café
280,Krispy Kreme,19.10579965436154,72.82651671800781,Donut Shop
281,Temple Flower Restaurant,19.1068789826273,72.82633724757417,Asian Restaurant
291,Juhu Chowpatty,19.09814509190406,72.8270523359565,Snack Place
399,Wai Yu Mun Ching,19.084403012967847,72.8296315412298,Thai Restaurant
496,Sudama Restaurant,19.162545218846432,72.84658623279893,Indian Restaurant
512,Mehman Nawazi,19.11148457554709,72.90899993707585,Indian Restaurant
518,Aromas Café,19.11694098338812,72.91008154411433,Café
520,Mantra,19.123284182413464,72.9129269807238,Indian Restaurant
521,Mia Cucina,19.12016998507553,72.90721688676344,Italian Restaurant
528,Fratelli Fresh Italian Restaurant,19.13482962210643,72.90195149156897,Italian Restaurant
534,Bijoli Grills,19.122231031677828,72.9134318245623,Seafood Restaurant
536,Fatty Bao,19.123644222158457,72.91237546123511,Sushi Restaurant
538,Mad over Donuts,19.11584677419096,72.90880473391296,Donut Shop
540,Skky,19.135840640413694,72.8984938458943,Restaurant
541,Le Pain Quotidien,19.118579651968165,72.91162436957893,Bakery
543,Subway,19.115688259438144,72.90862161109729,Sandwich Place
544,Nawab Saheb,19.13428712086937,72.90133063658517,Indian Restaurant
545,The Campus Hub,19.13461120002768,72.9100543098658,Food Court
546,Urban Tadka,19.099458499841138,72.91621488465196,Indian Restaurant
551,K-3 Snacks & Sweets,19.11672440013409,72.91003850032811,Snack Place
552,Abhinandan Dining Bar,19.09636091375095,72.9152250388655,Diner
555,Pop Tate's,19.10385253269812,72.88665166499476,American Restaurant
557,Khau Galli,19.08016027471205,72.90548945975637,Food Truck
558,Coffee Shack,19.131952312852505,72.91543232296566,Café
561,Banana Leaf,19.099694589434694,72.91691102050977,Vegetarian / Vegan Restaurant
563,Mad Over Donuts,19.08781197164128,72.90490865707397,Donut Shop
564,Domino's Pizza,19.107072251054824,72.88218828427475,Pizza Place
566,Poptate's,19.086922534137138,72.88880023545461,American Restaurant
567,Asia Kitchen & Bar,19.104699309777107,72.88637605160552,Indian Chinese Restaurant
568,Zaffran,19.099894852548502,72.91646256434406,Afghan Restaurant
570,TIARA,19.117773567462933,72.91113075897094,Indian Restaurant
571,Sigree Global Grill,19.116539227128687,72.90987969640774,Indian Restaurant
574,Cafe Pico,19.086899678424196,72.8888476414796,Café
575,212 All Day,19.08633818631618,72.88907314095658,Café
576,Utsav Cuisine,19.118324275701735,72.90643711153825,Indian Restaurant
578,Meghdoot,19.08716473741727,72.90859737102743,Indian Restaurant
584,Gulmohar cafeteria,19.13007030096963,72.91531039648797,Indian Restaurant
585,Indigo Deli,19.09957115199682,72.91684246664703,Diner
586,Mainland China,19.115696307238576,72.90868745063999,Chinese Restaurant
587,zaffran,19.09224633734609,72.91192091052888,Indian Restaurant
588,Red Olives Powai,19.11643316213725,72.90906571377762,Restaurant
589,Madeira & Mime,19.12018466956368,72.90712780552872,Gastropub
590,Cafe Bean Garu,19.11835527689945,72.91154043321895,Restaurant
591,Shvatra,19.099553116334707,72.91611662550383,Indian Restaurant
593,Laxmi Next Veg Restaurant,19.124669647956622,72.9157499476199,Indian Restaurant
594,Darshan,19.0826659247383,72.88532278283878,Chinese Restaurant
595,Taco Bell,19.099378650367843,72.91659594152773,Fast Food Restaurant
598,Red Olive,19.115952895474074,72.90898168289941,Indian Restaurant
599,Saffron Eatery And Bar,19.135743368910617,72.87359458375093,Restaurant
639,Smoke House Deli (BKC),19.068783355242363,72.86966541181835,Deli / Bodega
649,SodaBottleOpenerWala,19.06363234577876,72.86240333942565,Irani Cafe
652,Yauatcha,19.061370373594787,72.86268046846791,Dim Sum Restaurant
661,IVY Restaurant & Banquets,19.069663288262202,72.900534957865,Restaurant
665,CinCin,19.061261638732677,72.86268363872627,Italian Restaurant
674,Mad Over Donuts,19.09216152342403,72.85464406013489,Donut Shop
676,Fifty Five East,19.077173724734486,72.85143129562927,Thai Restaurant
678,Botticino - Trident Hotel,19.066639337277696,72.86721444289361,Italian Restaurant
690,Maya,19.066857171507067,72.86699446870406,Indian Restaurant
693,Delhi Zaika,19.077053790599823,72.87826023582745,Indian Restaurant
694,China House,19.077333823832692,72.85201844170551,Chinese Restaurant
798,Pizza Hut,19.14988532271884,72.85626442203603,Pizza Place
799,Sandwizza,19.107098110491293,72.85193620047487,Sandwich Place
899,Le Pain Quotidien,19.07885768117065,72.82990923188731,French Restaurant
900,Ratnagiri Malwani Food,19.287782096924975,72.86457794466173,Indian Restaurant
901,McDonald's,19.287089342254923,72.86744535145054,Fast Food Restaurant
902,Burrtos,19.27321373389746,72.86656253243721,Mexican Restaurant
903,Pritam's Dhaba,19.301969302598472,72.90512260228739,Indian Restaurant
904,Ustad's Kebabs And Chinese,19.254842155678308,72.8489668091225,BBQ Joint
905,Martin's - The Chinese Nook,19.283487685975587,72.86303180104946,Chinese Restaurant
906,Majestic Bar and Restaurant,19.254630173307756,72.85398512471016,Indian Restaurant
907,Pangat,19.240060476064812,72.8647452506546,Seafood Restaurant
908,Subway,19.258144220998982,72.85303361623885,Sandwich Place
909,Hotel Ravindra,19.251242475441714,72.86362992713926,Indian Restaurant
910,Domino's Pizza,19.291,72.871,Pizza Place
911,Borivali Biriyani Centre (BBC),19.275156270272387,72.91599638053064,Indian Restaurant
912,Khau Gully,19.261275608640812,72.87320270628997,Food Truck
913,West Coast Restaurant,19.25766657460894,72.85187004381474,Indian Restaurant
914,Domino's Pizza,19.29430415540552,72.85975198238889,Pizza Place
915,Dara's Dhaba,19.27607425840922,72.88791571332087,Dhaba
916,Sai Palace Garden Restaurant,19.27599610315027,72.89047437954406,Food Court
917,Northern Tadka,19.263569655663606,72.8743410121519,Indian Restaurant
918,Delhi Darbar,19.278798498476256,72.89134312238032,Indian Restaurant
919,Velkar Farms,19.285649625129555,72.90151593055285,Indian Restaurant
920,Domino's Pizza,19.280705625315576,72.87575441464581,Pizza Place
921,Majestic NX,19.2442347251412,72.85080587900131,Indian Restaurant
922,Munna Andawala,19.255479,72.848951,Fast Food Restaurant
923,Borivali Biryani Center,19.275109126120725,72.91613558014568,Indian Restaurant
924,Pizza Hut,19.286102032003697,72.86891055567281,Pizza Place
925,Sanjhi,19.258041593094006,72.8612125522309,Chinese Restaurant
926,Sea N Rock,19.281017127144906,72.90224578968137,Restaurant
927,McDonald's,19.263227272434236,72.87411337311673,Fast Food Restaurant
928,Chotu's Kitchen,19.243657710602214,72.85183286273795,Chinese Restaurant
929,Express Inn,19.283801279721253,72.90535174405082,Indian Restaurant
930,McDonald's,19.295325104108777,72.84874104420369,Fast Food Restaurant
931,Kinara Dhaba,19.302062223951907,72.90359290961423,Indian Restaurant
932,KFC,19.294823147157675,72.84941608072185,Fast Food Restaurant
933,Cafe Coffee Day,19.28344735510563,72.86288289566423,Café
934,Pali Village,19.280469002265242,72.89080385255443,Indian Restaurant
935,Subway,19.287304283998356,72.86740241969014,Sandwich Place
936,Fountain,19.284775494173303,72.90435312271515,Indian Restaurant
937,Zaika,19.294864017062473,72.84978543557978,Restaurant
938,McDonald's,19.25807239446158,72.85293691384483,Fast Food Restaurant
939,Cafe Coffee Day,19.24913592838122,72.85961640405797,Café
940,Cafe Coffee Day,19.2875344989175,72.86783051460502,Café
941,Pritam's Dhaba NH8,19.301935756160532,72.90506814573044,Indian Restaurant
942,Cafe Coffee Day,19.241332114592574,72.8583644643876,Café
943,Masterchef,19.258630835920528,72.85331983963738,Restaurant
944,Nh 8,19.300638830100215,72.90576516314418,Food
945,The Great China,19.28337350568576,72.86285295544235,Chinese Restaurant
946,Hotel Western,19.2767307557893,72.88913722471467,Indian Restaurant
947,Spice Court,19.290927821331124,72.86292218601561,Indian Restaurant
948,Nexus Franky Corner,19.27323485144271,72.86664260790208,Snack Place
949,Tendulkar's Corner,19.25819472122717,72.85356196519831,BBQ Joint
950,Punjabi Dhaba,19.269975866719008,72.878717777125,Indian Restaurant
951,Veg Saagar Resturant,19.29508130451408,72.85110654855758,Indian Restaurant
952,Shree Nidhi Pure Veg Restaurant,19.294685548768957,72.84841794913815,Vegetarian / Vegan Restaurant
953,Breada's,19.295852977400838,72.84844679692934,Mexican Restaurant
954,Hotel Ruchi Veg,19.301908915753632,72.84840188920498,Restaurant
955,Anmol Bakery,19.308156395014148,72.85491228103638,Bakery
956,Lime And Spice,19.259869545889448,72.85144117902068,Restaurant
957,Omkar,19.242210458963083,72.86545889595182,Diner
958,Hotel Fountain,19.280634117656106,72.90447425534643,Indian Restaurant
959,Kansar Kathyawadi Restaurant,19.283923152217305,72.90474536149007,Indian Restaurant
960,Haveli inn,19.293056281207257,72.9038801280453,Indian Restaurant
961,Banjara Bar & Restaurant,19.253097799101614,72.84900063929754,Indian Restaurant
962,Pizza Parlour,19.313684759466263,72.85468697547913,Pizza Place
963,Anna's Dosa Corner,19.31357371556735,72.85413551438943,Food Truck
964,Hotel Walton,19.297418,72.905676,Indian Restaurant
965,kathiyawad ne kangre,19.306954656928056,72.90048838285611,Diner
966,new kathiyawadi,19.30451116013351,72.90251305284266,Diner
967,NH - 8,19.280092850651176,72.90954446631451,Restaurant
968,kinny's corner chaat,19.247126822802006,72.84974993683876,Fast Food Restaurant
969,Take a Bite,19.252364141653487,72.8510373146111,Middle Eastern Restaurant
970,Night Evil Family Restaurant,19.252581742327823,72.84991226021432,Chinese Restaurant
971,Blue Bliss Cafe,19.252258,72.849428,Fast Food Restaurant
972,B 103,19.25013,72.84829,English Restaurant
973,Lotus Dhaba,19.314740627132135,72.8990347631052,Indian Restaurant
974,Uncle's Corner,19.246705962732552,72.85076614813063,Indian Restaurant
975,Suvi Palace,19.318823728707734,72.89898284795137,Indian Restaurant
976,Chena Garden,19.274604938742232,72.91646031486417,Chinese Restaurant
977,Smokin' Joe's,19.24559690649043,72.8482425544619,Pizza Place
986,Domino's Pizza,19.295,72.849,Pizza Place
1028,Shagun Pure Veg. Restaurant,19.25177807945266,72.85385212016382,Indian Restaurant
1029,Subway Dahisar Link Road,19.251820074287206,72.85712405695551,Fast Food Restaurant
1031,King Of Beijing,19.24891692579864,72.85332202442129,Chinese Restaurant
1034,Monginis Cake Shop,19.25703374,72.81770923,Bakery
1035,Dariya Kinara,19.26331257018824,72.78466177372718,Indian Restaurant
1036,Hotel Sea Link,19.281918481324663,72.784690629033,Indian Restaurant
1037,Sanvers Dhaba,19.273073499200205,72.795424568367,Restaurant
1038,Maxwell Hotel,19.268111826882162,72.79476092439951,Restaurant
1039,Pixcy Sea Resort,19.25981999675113,72.78182600206215,Indian Restaurant
1041,Ming Yang,19.04358247268375,72.81919874442222,Chinese Restaurant
1042,Salt Water Cafe,19.050517590688695,72.82694172487432,Deli / Bodega
1043,Hearsch Bakery,19.055119886795794,72.82700605766848,Bakery
1044,IMBISS Meating Joint,19.053815652610098,72.82985059681968,German Restaurant
1045,Candies,19.049709232795905,72.82978471959152,Restaurant
1046,Candies,19.061176223187175,72.82663421803241,Bakery
1047,Indigo Deli,19.06171028998035,72.82997150211034,Deli / Bodega
1048,A-1 Bakery,19.054723825158238,72.82633684687082,Bakery
1049,Mac Craig,19.061541991030687,72.82889362096834,Bakery
1050,Punjab Sweet House And Restaurant,19.06255314675695,72.82942295777715,Indian Restaurant
1051,Bombay Salad Co.,19.064715341256164,72.83091998224552,Salad Place
1052,Blue Tokai Coffee Roasters,19.060479705182388,72.82432025888302,Café
1053,Ray’s Café and Pizzeria,19.05499246355498,72.82835358154533,Pizza Place
1054,Pali Bhavan,19.06208863111207,72.8294592044777,Indian Restaurant
1055,Smoke House Deli,19.06548155786204,72.82986113508434,Deli / Bodega
1056,Jai Hind Lunch Home,19.063020178888646,72.82939367421633,Seafood Restaurant
1057,Pali Village Café,19.062056,72.829506,Café
1058,Wok Express,19.062319585064923,72.82955517194748,Chinese Restaurant
1059,Ashok Wada Pao,19.02045513035771,72.83139138600464,Indian Restaurant
1060,Suzette,19.06152590248658,72.82908067105699,French Restaurant
1061,Bastian,19.0635656703907,72.83480660265644,Seafood Restaurant
1062,Terttulia,19.0256377551095,72.83541620186854,Italian Restaurant
1063,Candies,19.070288312673544,72.82624472801321,Fast Food Restaurant
1064,La Folie,19.055033318788375,72.8292600602837,Bakery
1065,Karachi sweets n chaat,19.05512351190259,72.83149909194438,Snack Place
1066,Golconda Bowl,19.055976521810276,72.83418851936942,Indian Restaurant
1067,Oven Fresh,19.023962405111245,72.83791159865079,Bakery
1068,XVII Tea Room,19.05952567663164,72.82924728335747,Café
1069,Soul Fry,19.06273857286659,72.82809408684619,Seafood Restaurant
1070,One Street Over,19.064871012600435,72.8348828291903,Modern European Restaurant
1071,Birdsong Café,19.054283169868402,72.82751633003814,Café
1072,Pronto,19.05476489296356,72.82578868851397,Pizza Place
1073,Gondola's,19.06272486255789,72.82817685484878,Restaurant
1074,Slink & Bardot,19.01717044484786,72.81753199893562,French Restaurant
1075,Khane Khas,19.065485032903197,72.83103442139502,Indian Restaurant
1076,The Bagel Shop,19.063140391211206,72.82490212775264,Bagel Shop
1077,Carter's Blue,19.07078342149227,72.8230446191692,Fried Chicken Joint
1078,Fresh Catch,19.033178170789704,72.84209181798781,Indian Restaurant
1079,Fatty Bao,19.065482765017773,72.83227238307614,Asian Restaurant
1080,Kitchen Garden by Suzette,19.06154546724086,72.82926199440713,Salad Place
1081,Prakash- Shakahari Uphaar Kendra,19.02325383032543,72.8388492000297,Breakfast Spot
1082,Yoga house,19.065608961136682,72.82478697573748,Café
1083,Aaswad,19.020453,72.837185,Indian Restaurant
1084,Global Fusion,19.065174038697997,72.83395584403156,Sushi Restaurant
1085,Goa Portuguesa,19.03195501127334,72.84016054696124,Goan Restaurant
1086,kirti vada pav,19.020524747822844,72.83122951512019,Snack Place
1087,Café Madras,19.027721224984763,72.85519562611115,Café
1088,Ram Ashraya,19.02809204657728,72.85172889717309,Vegetarian / Vegan Restaurant
1089,Muthuswamy's Arya Bhavan,19.02708378949544,72.8509120771071,Indian Restaurant
1090,Persian Darbar,19.060322757115504,72.83648146121492,Indian Restaurant
1091,Tibbs,19.025639237064432,72.83967452959295,Fast Food Restaurant
1092,Jai Jawan,19.068091901360628,72.83246752337827,Seafood Restaurant
1093,Pal's Fish Corner,19.065159775296554,72.83095526358719,Indian Restaurant
1094,Ambretto,19.028360967572024,72.84329075234466,Deli / Bodega
1095,Domino's Pizza,19.017,72.83,Pizza Place
1096,Coalz,19.05646827674503,72.83915374587166,Café
1097,Le 15 Patisserie,19.06606030688975,72.82989311459603,Bakery
1098,Hangla's,19.06218890559268,72.83491103749631,Food Truck
1099,Jai Hind Lunch Home,19.002182526961953,72.82951152511662,Seafood Restaurant
1100,Guru Kripa,19.042954612559253,72.86179617563526,Indian Restaurant
1101,The Coffee Bean & Tea Leaf,19.061849,72.836241,Café
1102,Out of the Blue,19.07175568646313,72.825535360731,Italian Restaurant
1103,Ayyappa,19.02889602124886,72.85340826237919,Indian Restaurant
1104,Jai Jawan Punjabi Fish Centre,19.064249280720418,72.83477082939208,Fish & Chips Shop
1105,Yummies,19.069039625240322,72.82443740472733,Fast Food Restaurant
1106,Status Restaurants & Bar,19.03214225116908,72.83911273765527,Chinese Restaurant
1107,Chatai Pav Bhaji Centre,19.02749453301234,72.85504639148712,Fast Food Restaurant
1108,Koinonia Coffee Roasters,19.073263816388312,72.82617788108536,Café
1109,Chaitanya,19.018373405620153,72.83277040306221,Seafood Restaurant
1110,Bombay Canteen,19.00341017043938,72.82781561443936,Indian Restaurant
1111,Sequel Bistro & Juice Bar,19.065520483108358,72.83065904619856,Bistro
1112,Rama Nayak’s Udipi Sri Krishna Boarding,19.02721419876251,72.85075235997445,South Indian Restaurant
1113,China Spice,19.01774056917322,72.8313954249825,Chinese Restaurant
1114,Sharda Bhavan,19.026783363690182,72.85084053972544,Indian Restaurant
1115,"And Chillies, Pan Asian Cuisine",19.006001212477063,72.8244652350638,Thai Restaurant
1116,Mani's Lunch Home,19.022698946049484,72.84950247577436,Indian Restaurant
1117,Pronto,19.002964587580866,72.82891240067758,Italian Restaurant
1118,Idli House,19.02773764778754,72.85630106821415,Indian Restaurant
1119,Café Mysore,19.027372545230648,72.85550399379161,South Indian Restaurant
1120,Koko's Kitchen,19.002569280154802,72.82767186449271,Asian Restaurant
1123,Health Juice Center,19.02734023640312,72.85498008964143,Snack Place
1124,Mini Punjab,19.034312669082535,72.86282795549145,Indian Restaurant
1126,Todi Mill Social,18.999137740589088,72.82987425936014,Café
1127,Boteco,19.055466,72.852208,Brazilian Restaurant
1128,Cafe Free India,19.005673574673423,72.83097901950052,Burger Joint
1129,D:OH,19.00599691622973,72.8269962654072,Café
1130,Anand Bhavan,19.02746210463757,72.8558593212689,Indian Restaurant
1131,Guru Kripa (A1 Samosa),19.04298826438853,72.86178476068031,Snack Place
1132,Zaffran,19.00096040092635,72.82967025543715,Indian Restaurant
1133,Himalaya Restaurant,19.031953041504575,72.86020227497514,Indian Restaurant
1134,Udipi - A. Rama Nayak & Sons,19.027419023951534,72.85547858264295,Indian Restaurant
1135,Peninsula Next,19.041875480784487,72.86468871275761,Indian Restaurant
1136,Classic Restaurant,19.02623588083001,72.8568337823057,Multicuisine Indian Restaurant
1137,North Indian Association Punjab Club,19.033789954936264,72.85599326139575,Indian Restaurant
1138,Tewari Sweets & Fast Foods,19.035653009309065,72.85835292572354,Indian Restaurant
1139,R. Koolar & Co.,19.026091653515124,72.85501514234818,Middle Eastern Restaurant
1140,Seven Sevens,19.040133687960996,72.86021640971826,Vegetarian / Vegan Restaurant
1224,Pavilion,19.060551746130976,72.8661817697652,Indian Restaurant
1226,"Nara Thai Restaurant, India",19.061222791999555,72.86264609267525,Thai Restaurant
1227,Paul's Chinese,19.03220566191626,72.83934577614899,Chinese Restaurant
1229,Wok Express BKC,19.065420692118085,72.86178772463816,Noodle House
1230,O Pedro,19.05917340770796,72.86480111080397,Goan Restaurant
1237,Icy Spicy,19.035132483599888,72.84522159266805,Chinese Restaurant
1240,Tamnak Thai,19.02521193826648,72.83572119500359,Thai Restaurant
1336,Soma,19.077079419147715,72.85155775654262,Indian Restaurant
1340,Vienna Bakery,19.079253933592252,72.85207005226393,Bakery
1341,Club Aquaria,19.240252878774594,72.84801565570034,Restaurant
1344,Mangesh Vada Pav,19.227294668433654,72.85555478822964,Food Truck
1345,Rajendra Fast Food II,19.230868328586766,72.8524969928035,Fast Food Restaurant
1348,Dakshin,19.229799515390372,72.84278318867081,Restaurant
1349,Raju's Dosa,19.236807912286306,72.86130680081683,Food Truck
1350,Nirvana,19.224061985426037,72.84777752729212,Indian Restaurant
1353,Café Gossip,19.23940744290426,72.84265030541651,Café
1354,Kabab Chini,19.23255891484675,72.82746966759335,Restaurant
1355,Green channel,19.232521476794183,72.82803249235113,Fast Food Restaurant
1358,Subway,19.232491681622413,72.85392686333505,Sandwich Place
1359,Crossroads 92,19.238320444938953,72.84835825674435,Italian Restaurant
1361,Kuku's chinese,19.22862992122847,72.85475074384712,Chinese Restaurant
1362,Raju's Kitchen,19.23150624564965,72.86030294884901,Chinese Restaurant
1363,Rajubhai Dhoklawala,19.206948221745883,72.84218821670724,Food
1364,Circuit Sandwich,19.220683404777745,72.8515395807895,Sandwich Place
1365,Deepak Only Veg,19.228596381359882,72.84825222860009,Vegetarian / Vegan Restaurant
1366,Gossip the cafe bar,19.238710053497652,72.84254446755105,Café
1367,Mahavir Nagar,19.21322085952808,72.84138475549993,Café
1368,Mad Over Donuts (MOD),19.21380623155089,72.84060007157454,Donut Shop
1369,P.A.N.G.A.T,19.23097745167038,72.83699480962078,Restaurant
1370,Choi Kim Cusine,19.245113378137372,72.84637225572477,Chinese Restaurant
1371,Nandu Dosa Dinner,19.226147586601265,72.85113323245857,Indian Restaurant
1372,Night Evil Chinese Food,19.228648898789185,72.85100846712757,Chinese Restaurant
1374,Mainland China,19.203141123552722,72.86008426572094,Chinese Restaurant
1375,Cafe Coffee Day,19.22050494072528,72.84997117926086,Café
1378,Matsyagandha Restaurant,19.209657464072524,72.86428928375244,Seafood Restaurant
1379,McDonald's,19.220844796427052,72.85241127506288,Fast Food Restaurant
1380,Spring Fields,19.227724938413512,72.84839018311803,Asian Restaurant
1381,Pizza Hut,19.208619587438534,72.87260273282945,Pizza Place
1382,Zaffran,19.20318259577957,72.8598149907927,Indian Restaurant
1384,Gupta Bhelpuri and Juice Corner,19.240637978995444,72.84592861224961,Snack Place
1385,Domino's Pizza,19.216,72.834,Pizza Place
1386,KFC,19.203167746629013,72.85998121535812,Fast Food Restaurant
1388,Avenue Restaurant,19.20725976589983,72.86607335804696,Indian Restaurant
1389,Satnam Fast Food,19.213050554600866,72.83890376091554,Fast Food Restaurant
1390,Borivali Biryani Center,19.219646354008777,72.84136397269609,Indian Restaurant
1393,Granville Greens,19.22064620455795,72.85067485420082,Indian Restaurant
1394,WAREHOUSE KITCHEN,19.240148564482556,72.84284276035355,Restaurant
1395,Tea पी,19.220438842841205,72.84768521409406,Café
1397,Link View Restaurant,19.229178304516985,72.84122897286306,Restaurant
1398,JumboKing,19.230752735735624,72.85645069025304,Burger Joint
1399,Cafē Coffee Day,19.23268639694364,72.82671921065403,Café
1400,Domino's Pizza,19.241464521418088,72.85428043439171,Pizza Place
1402,Su Veg,19.226913102402655,72.85538170649852,Restaurant
1404,Cafe Coffee Day,19.234972043424573,72.84597452878614,Café
1405,Cafe Coffee Day,19.203165105625274,72.86002025418507,Café
1406,Girgaon Katta,19.230946042703504,72.8520568108412,Indian Restaurant
1407,McDonald's,19.20888929764817,72.87288998443614,Fast Food Restaurant
1408,Dharma sandwich,19.233883041427426,72.86396641142821,Sandwich Place
1409,Godwa,19.228332274571244,72.84776021857016,Snack Place
1410,Nirvana Restaurant (Veg),19.211866043612932,72.87321135972218,Indian Restaurant
1412,Ambience the rest. And bar,19.206412952878942,72.8652617831306,Restaurant
1414,Banana Leaf,19.212010699382315,72.8713914357109,Indian Restaurant
1415,Food Court,19.20320338590099,72.85980888853966,Food Court
1416,Aura Hotel,19.235008553613778,72.84087182635103,Fast Food Restaurant
1417,McDonald's,19.212122123963432,72.86294942951054,Fast Food Restaurant
1418,5 Spice,19.23011342561552,72.8476290366176,Chinese Restaurant
1419,Domino's Pizza,19.251862789848197,72.86164398128439,Pizza Place
1420,Pizza Hut,19.20313262939453,72.85986328125,Pizza Place
1421,McDonald's,19.208575172590233,72.86750866739156,Fast Food Restaurant
1423,Suswagatam,19.221065400255924,72.8627734684579,Indian Restaurant
1424,McDonald's,19.218588596483688,72.83843640794328,Fast Food Restaurant
1425,Cafe Coffee Day,19.21550110901475,72.82406342417097,Café
1427,Red Indian Sizzlers,19.212143548392454,72.85191837092982,Mexican Restaurant
1428,MAA ANJANI PAV BHAJI CENTER,19.219629055502406,72.840795814991,Fast Food Restaurant
1429,Jain Sweet and Bhelpuri House,19.20395402290618,72.85093940798484,Snack Place
1430,Neo Politan Pizza,19.225862,72.854899,Pizza Place
1431,Gora Gandhi Juice Corner and Veg World - Pure Veg,19.230754581943835,72.85650024498479,Snack Place
1434,Cafe Coffee Day,19.215156712325914,72.86716252088624,Café
1436,Ebony,19.212330123690677,72.87195704137005,Restaurant
1438,Cafe Coffee Day,19.227449209930903,72.85547813775467,Café
1439,Martin's,19.2130595693504,72.8365727569264,Chinese Restaurant
1440,Shri Sagar,19.228705741435736,72.85104048782719,Diner
1442,Domino's Pizza,19.232,72.805,Pizza Place
1448,Bay View Garden Banquite,19.23338042454945,72.8247189747575,Restaurant
1449,Neelam Pride,19.23277990073683,72.82572752549672,Restaurant
1544,Green Rocks Cafe,19.21446307788662,72.87117621651394,Café
1545,Springfields,19.220578449915124,72.86385135727784,Indian Restaurant
1548,Veg. Treat 1,19.22376755692501,72.84775540416712,Indian Restaurant
1549,Sankalp,19.21404091505608,72.84001155697054,Indian Restaurant
1551,MadOverDonuts,19.17390200286714,72.8601847855188,Donut Shop
1556,Seasonal Tastes,19.172610808470896,72.86048871587312,Breakfast Spot
1581,Udipi Vihar,19.16649838327973,72.85419928166584,Vegetarian / Vegan Restaurant
1582,China Ming,19.15461378490289,72.85649660663528,Chinese Restaurant
1590,Theobroma,19.173968708895238,72.86007403705766,Bakery
1593,Kangan,19.17270290848535,72.86053915939284,Indian Restaurant
1596,Maharaja Bhog,19.173974381078395,72.86038137347764,Vegetarian / Vegan Restaurant
1597,Krispy Kreme,19.174017434045346,72.86045269915425,Donut Shop
1599,Persia Darbar,19.136951649526445,72.84682153522544,Indian Restaurant
1605,McDonald's,19.164788542726573,72.85741829371118,Fast Food Restaurant
1610,Subway,19.174024071568,72.86013873048348,Sandwich Place
1611,Mainland China Asia kitchen,19.17390935262629,72.8604429376912,Asian Restaurant
1612,Taco Bell,19.173897345909513,72.86018431736252,Fast Food Restaurant
1614,Olive Bistro,19.173985019142982,72.86045984659646,Bistro
1615,Burger King,19.173832385210652,72.86025709050789,Fast Food Restaurant
1622,Sarvodaya Veg. Restaurant,19.12375959553322,72.85089307715918,Indian Restaurant
1624,McDonald's,19.154510917747306,72.85646222090531,Fast Food Restaurant
1625,Peshawari Grill,19.154210008726174,72.85666827774683,Indian Restaurant
1628,Emperor's Court,19.134304052224667,72.90132750199295,Chinese Restaurant
1630,Aarey Garden Restaurant,19.15551434258381,72.87823613224917,Indian Restaurant
1634,Prego,19.17264951590775,72.86033944580221,Italian Restaurant
1636,Golden Chariot,19.15486413735789,72.85649519681027,Indian Restaurant
1637,McDonald's,19.119691210789103,72.84610244862697,Fast Food Restaurant
1638,Cafe Coffee Day,19.172701345646402,72.87421873817938,Café
1641,Cafe Alif,19.143858688045118,72.84271755842165,Café
1643,Ratna Restaurant,19.163602268892504,72.84592548705164,Restaurant
1644,McDonald's,19.17400107458081,72.86030578288654,Fast Food Restaurant
1645,Janta Bakery,19.115209769867878,72.90681614084697,Bakery
1646,Suzette,19.11722163802354,72.90974970282404,Creperie
1647,Brown Sugar Cafe,19.155843679826205,72.88596332711,Café
1648,Kareem's,19.119095176456874,72.91144180958767,Indian Restaurant
1649,Mohini Fast Food,19.115772503257283,72.90825285278223,Fast Food Restaurant
1650,Made in Punjab,19.17310154028343,72.83569165899783,Indian Restaurant
1652,Joeys Pizza,19.179429315681627,72.83746679187674,Pizza Place
1653,Indigo Deli,19.17307464160996,72.83571773733065,Deli / Bodega
1654,Gupta's Bhel and Pani Puri House,19.184526837442483,72.84594600021401,Snack Place
1655,Zaffran,19.18473196015639,72.8340137857385,Indian Restaurant
1659,Mainland China,19.184742888078524,72.83404789814735,Chinese Restaurant
1661,Jimis Burger,19.191952,72.83374,Burger Joint
1662,Stacks And Racks,19.181194481615407,72.83618911290384,BBQ Joint
1665,Cafe Chokolade,19.17948455307245,72.83703537395846,Café
1667,5 Spice,19.176805138392304,72.83799919632237,Chinese Restaurant
1670,Buckets And Tuckets Infiniti Malad,19.184771471378408,72.834111667551,Burrito Place
1671,Maharaja Bhog,19.1730734217199,72.835716378086,Indian Restaurant
1680,Moktu Momo,19.184735022277756,72.83408594343109,Dim Sum Restaurant
1681,Sun Moon & Potatoes,19.18900247915675,72.83480297244033,Italian Restaurant
1683,Mad Over Donuts,19.18474868986195,72.83412572534813,Donut Shop
1684,Goan Cart,19.196091370539428,72.83877105584176,Food Truck
1690,Brunch N' Munch,19.193975560107607,72.83619293122258,Breakfast Spot
1691,Burger King,19.185412359003315,72.83279476497417,Fast Food Restaurant
1692,Garden Court,19.193474709237773,72.8404098302089,Indian Restaurant
1694,Food Court,19.17321247608711,72.83573365242557,Food Court
1695,The Laughing Cavalier,19.1892010952294,72.83755927971299,American Restaurant
1698,Shrinathji's,19.180699757512414,72.83634265560366,Vegetarian / Vegan Restaurant
1699,Sigree Global Grill,19.186365751465278,72.83471936623341,BBQ Joint
1702,café 015,19.195020407470167,72.83406488378958,Italian Restaurant
1703,Flags,19.189551321885673,72.84209181798211,Vegetarian / Vegan Restaurant
1716,5D The Food Domain,19.178762889859964,72.83471730399049,Fast Food Restaurant
1722,Cream Centre,19.17323855736456,72.83567646595577,Vegetarian / Vegan Restaurant
1724,KFC,19.192769516077956,72.83437891340016,Fast Food Restaurant
1725,Chili's American Grill & Bar,19.173360907681126,72.8355485411668,New American Restaurant
1726,Subway,19.184753232353284,72.83414438212479,Sandwich Place
1733,Cafe coffee day,19.17673214725983,72.83713820053725,Café
1734,Sernyaa Tibetan Restaurant,19.17950554570445,72.83709899963925,Dumpling Restaurant
1736,"VALINO ""food,music and wine""",19.179980268685984,72.83667084417746,Italian Restaurant
1737,The Peking Tom,19.189261613767872,72.83445467229659,Chinese Restaurant
1738,Bhagwati Hotel (pav-bhaji & Fast Food),19.201892637487486,72.84259639482704,Restaurant
1740,Carter's Blue,19.178904556700168,72.83528921512384,Restaurant
1747,Bhagwati Fast Food,19.20191940366184,72.84253616410946,Fast Food Restaurant
1933,Radhe Krishna Chat,19.07531488640619,72.83466870246613,Snack Place
1944,Spaghetti Kitchen,19.072907134565693,72.83196346638549,Italian Restaurant
1947,Love And Cheesecake,19.07068328131204,72.82272437684694,Bakery
1978,Domino's Pizza,19.205,72.84,Pizza Place
2002,Maldrins Chinese Corner,19.194012599752494,72.83576868723735,Chinese Restaurant
2006,Malwani Kalwan,19.194104035754034,72.83778127300366,Seafood Restaurant
2007,JB Dynasty,19.194122779771025,72.83800367291008,Chinese Restaurant
2014,Landmark Veg Diet,19.192648280210907,72.83449600802128,Fast Food Restaurant
2017,Milap Chat Street,19.196968871851126,72.84777175771828,Indian Restaurant
2028,Silver Oaks,19.190726723193162,72.83716016186091,Restaurant
2034,KFC,19.173035495232494,72.83571170052117,Fast Food Restaurant
2035,California Pizza Kitchen,19.184672892530045,72.83402180106827,Pizza Place
2040,Subway,19.201529889750162,72.86126064679571,Sandwich Place
2140,Konkan Swad,19.16346295895869,72.83499545990792,Seafood Restaurant
2149,Domino's Pizza,19.207,72.866,Pizza Place
2254,Domino's Pizza,19.212097258514312,72.87314117060488,Pizza Place
2341,Mangoes,19.194877364191935,72.83897221151027,Restaurant
2346,Delicacy Veg Restaurant,19.198769777822164,72.84837179266516,Indian Restaurant
2349,Ramas Restaurant,19.211731689283926,72.87453505959621,Snack Place
2604,Domino's Pizza,19.17699019805908,72.85531666968338,Pizza Place
2630,Cream centre,19.17405260072039,72.86041277236086,Vegetarian / Vegan Restaurant
2641,Underground Coffee Society,19.149609198526736,72.82989399382731,Café
2646,Fire Bowl,19.14861624825363,72.83139969476316,Chinese Restaurant
2850,Farm House,19.344689249716573,72.8126087174657,Indian Restaurant
2851,Kinara Bar and Restaurant,19.32597753474599,72.80795164045131,Seafood Restaurant
2852,Subway,19.35981815771603,72.81279409035966,Sandwich Place
2853,Cafe Amigo,19.34750883058265,72.80978464945477,Restaurant
2854,Dhuri Food Plaza,19.383413506067193,72.8309151014053,Multicuisine Indian Restaurant
2855,Celebrity Hotel,19.382697904220624,72.82814287574314,Indian Restaurant
2856,Western Inn,19.36324393749419,72.8138500714733,Restaurant
2857,Café Coffee Day,19.35959899114475,72.81253442217545,Café
2858,Domino's Pizza,19.388,72.826,Pizza Place
2859,McDonald's,19.36777098754892,72.816469808238,Fast Food Restaurant
2860,McDonald's,19.367557095480176,72.81644686116933,Fast Food Restaurant
2861,Priya Veg. Restaurant,19.379420770822353,72.82827558660165,Indian Restaurant
2862,Family Sandwich Centre,19.380067568658177,72.83057758920692,Sandwich Place
2863,Monginis,19.382967957194023,72.82552326403295,Bakery
2864,Panchvati,19.386869977134833,72.82684461354013,Diner
2865,Keith's Bakery,19.364454386865958,72.80397098841388,Bakery
2866,Monginis Cake Shop,19.35,72.8,Bakery
2867,Suruchi Zeal - Fine Dine Restaurant,19.34232561894626,72.80081444520295,Indian Restaurant
2869,Shimala Dhaba,19.413848205657885,72.87594139338388,Dhaba
2870,Celebrity Restaurant,19.399812589493322,72.84060007157454,Indian Restaurant
2871,"Manthan Restaurant, Nallasopara West",19.422204136385112,72.81730748071222,Diner
2872,McDonald's,19.40392956005008,72.83741350349376,Fast Food Restaurant
2875,Domino's Pizza,19.42226337842101,72.81730238074348,Pizza Place
2876,Domino's Pizza,19.408,72.827,Pizza Place
2877,Shimla Hotel,19.413927,72.875903,Restaurant
2878,Jay Bajrang Dhaba,19.405869713720826,72.88164332873255,Indian Restaurant
2879,Balaji - Pure Veg.,19.399213334082415,72.83940171786413,Vegetarian / Vegan Restaurant
2880,Dreamland Restaurant,19.40290546823321,72.83631888385793,Indian Restaurant
2881,Sai Om Pizza & Chinese Corner,19.403944764615613,72.83523559570312,Pizza Place
2882,Donatos Pizza,19.404698182277862,72.83026047083173,Pizza Place
2883,narayan vadapav,19.423991522833695,72.82604834264065,Burger Joint
2884,Khatiyawad Rajasthani Food,19.44574651123977,72.88286553501443,Diner
2885,Galaxy Restaurant,19.421787726158502,72.82190538405249,Indian Restaurant
2886,Fish market,19.422101677463612,72.81699114302961,Fish & Chips Shop
2887,Haridwar Restaurant,19.38400866007268,72.83070475956731,Diner
2888,Tungareshwar Sweets,19.38333749970366,72.83093555859118,Snack Place
2890,Farm House Sea N Sand,19.38840401725911,72.825459792916,Restaurant
2891,Kraft Bakery,19.382571112430295,72.8294849395752,Bakery
2892,Neelam-E-Punjabi,19.382107739163967,72.82992581124996,Restaurant
2893,manali hotel,19.441808947031106,72.82286900325131,Indian Chinese Restaurant
2894,"Smokin' Joe's, Vasai",19.38876490271961,72.82497882843018,Pizza Place
2895,3 Seasons,19.442553777671364,72.80976375619976,Restaurant
2896,Domino's Pizza,19.457100263086925,72.80425319848557,Pizza Place
2897,McDonald's,19.474018071586887,72.8048423487713,Fast Food Restaurant
2898,KFC,19.457689865120898,72.80443130853753,Fast Food Restaurant
2899,Agashi Bhujing Centre,19.462137108844725,72.77359778909977,Indian Restaurant
2900,Domino's Pizza,19.446791,72.818789,Pizza Place
2901,Zeal,19.433917740895478,72.77876293074608,Seafood Restaurant
2902,3 Seasons,19.44658241442484,72.80973575872663,Indian Restaurant
2903,MacDonalds,19.465485377815224,72.80574645238812,Fast Food Restaurant
2904,Chicago Crust,19.464336117225873,72.80532130712055,Pizza Place
2905,Star Planet Resturant,19.462712,72.804238,Indian Restaurant
2906,Dokra Dev Prasanna Soda Pub,19.459745321494207,72.79903595983109,Snack Place
2907,Chopstick,19.45977888392038,72.80310539559277,American Restaurant
2908,China King,19.459479651291048,72.80171467007094,Fast Food Restaurant
2909,Sandwizzaa,19.457683500584007,72.80379209948102,Sandwich Place
2910,kimlin chinese,19.457702154087567,72.80457113097835,Chinese Restaurant
2911,Ribbons & Balloons,19.457109713957934,72.8037863288681,Bakery
2912,shankar vilas hindu hotel,19.466753868287412,72.81581695679844,Breakfast Spot
2913,Vegetable Factory Restuarant (Virar W) Maharashtra,19.454999583801104,72.80322657877142,Asian Restaurant
2914,Hotel Banjara,19.453916974539485,72.80394494533539,Restaurant
2915,Paresh Wada-Paav Centre,19.45411112206634,72.80951648065295,Burger Joint
2916,bhurji pav center,19.454079,72.809509,Fast Food Restaurant
2917,S. K. Dairy,19.453265826044575,72.80899713706461,Bakery
2918,Monginis Cake Shop,19.4532439386419,72.80989733191859,Bakery
2919,Sandwizza,19.44956365717563,72.8002200641552,Fast Food Restaurant
2920,Sabkuch Pan house,19.447221192588867,72.80095441249739,Salad Place
2921,The Lemonyellow,19.44655822257853,72.80028931250662,Chinese Restaurant
2922,CCD,19.445733249574758,72.80230327685466,Café
2923,Wood Stick,19.44430839132046,72.79533800621189,Thai Restaurant
2924,M. M Restaurant and Bar,19.44441894630159,72.79453490030998,Indian Restaurant
2925,Zeal 3 Seasons,19.442522121115715,72.80966513910482,Asian Restaurant
2926,sai shankar,19.446741537527245,72.81893325011228,Restaurant
2927,Davids Restaurant,19.440411281795857,72.78330557054583,Fast Food Restaurant
2928,om sai vadapav centre,19.44299066174528,72.82312289031213,Breakfast Spot
2929,Frankie corner,19.44272832361787,72.82312289031213,Food Court
2931,ashrya hotel,19.441888395959122,72.82541210202561,Indian Restaurant
2932,ashrya food corner,19.441921564195763,72.8254713331203,Food Court
2933,Amit Burji Pav,19.482977610487,72.83911724283902,Food Truck
3135,Gopalas,19.13101751349966,72.9267761512571,Asian Restaurant
3145,Bageecha,19.144922047975644,72.93771361619498,Indian Restaurant
3146,Cafe Maaz,19.161638998110803,72.93751009036619,Café
3150,Vishwa Bharti,19.172547973497288,72.95599200708861,Indian Restaurant
3151,Moksha,19.120012364966584,72.92719419244845,Indian Restaurant
3159,cafe coffee day,19.129004314047755,72.9257566808547,Café
3164,R Steam Hot,19.17568793584445,72.95247687986293,Fast Food Restaurant
3165,Tarkeshwar Snacks & Juice Center,19.17222805054873,72.95067309436331,Snack Place
3166,Shiv Sagar,19.178752089941806,72.94880775271967,Indian Restaurant
3170,The Good Vibes Café,19.16021785746494,72.94677220389433,Restaurant
3172,Manju Sandwich,19.17669822039207,72.9456260465897,Snack Place
3178,Royal Treat Sip n Dine,19.1716141136215,72.94283560396211,Diner
3179,Domino's Pizza,19.142,72.932,Pizza Place
3181,Mamagoto,19.09962842073217,72.91681792628613,Asian Restaurant
3182,cafe coffee day,19.11127183573141,72.92535781860352,Café
3183,Moshe's,19.099936659517958,72.91637542594962,Mediterranean Restaurant
3184,Pauz,19.10182773887035,72.92162688275731,Café
3185,Poptates,19.10632026402427,72.91703514086414,Gastropub
3186,Punjab Grill,19.0996443996279,72.91685726161191,Punjabi Restaurant
3187,Rainforest,19.09954176806568,72.91614826961302,Restaurant
3188,Cafe coffee Day,19.14132689561803,72.9319005658617,Café
3189,Banana Leaf,19.14204565452948,72.93159488511559,Indian Restaurant
3190,Gopala's Next,19.15616401281778,72.93761648599751,Restaurant
3194,Shera Food Court,19.158238562370272,72.93787202784837,Indian Restaurant
3195,Mc Cafe,19.099711258881687,72.91668526404682,Café
3196,Malwan Samudra,19.111309341393703,72.92667240053105,Seafood Restaurant
3197,Bawarchi,19.169124882505063,72.95911059695204,Indian Restaurant
3198,Amantran,19.166297646415053,72.94962072691459,Indian Restaurant
3199,Bansuri,19.171885050355733,72.95883038940019,Asian Restaurant
3200,Thank God It's Friday,19.099701446920285,72.91651090643886,American Restaurant
3201,Cafe Coffee Day,19.171342375858767,72.954646725744,Café
3202,McDonald's,19.17308364629744,72.95693614733919,Fast Food Restaurant
3203,McDonald's,19.100032523193008,72.91643988675929,Fast Food Restaurant
3204,"KFC, Neptune Magnet Mall, Bhandup (W)",19.141527629757903,72.93145646351674,Fried Chicken Joint
3205,Cafe Coffee Day,19.118215172065906,72.89592249292104,Café
3206,Maroosh,19.180829294658267,72.94635787333246,Fast Food Restaurant
3207,Café Coffee Day,19.167079739384622,72.93721242715917,Café
3208,Mainland China,19.09959159878373,72.91684914828984,Chinese Restaurant
3209,Domino's Pizza,19.153637948454936,72.95602503613176,Pizza Place
3210,Cafe Coffee Day,19.168093698278472,72.96102494838202,Café
3211,Pizza Hut,19.166777423003285,72.93739640806349,Pizza Place
3212,McDonald's,19.168481976562425,72.95222457092889,Fast Food Restaurant
3213,Kirti Mahal,19.175562475011688,72.95257789948663,Indian Restaurant
3214,Cream Centre,19.14193289881802,72.93244848319915,Vegetarian / Vegan Restaurant
3215,McDonald's,19.16570631177676,72.93781555355942,Fast Food Restaurant
3216,McDonald's,19.180796373079385,72.93840051455979,Fast Food Restaurant
3217,Thambi Veg Restaurant,19.16510372578249,72.93794333673168,Indian Restaurant
3218,Domino's Pizza,19.168690287612215,72.9394174352515,Pizza Place
3219,Campus Hotel,19.168093,72.961006,Indian Restaurant
3220,Domino's Pizza,19.16942823984859,72.95881498378063,Pizza Place
3221,Kampa,19.16804207560549,72.96131222122474,Chinese Restaurant
3222,Woodlands Retreat,19.17568982936483,72.9436487908259,Indian Restaurant
3223,Hotel Aditya,19.15786638864855,72.93793912209871,Indian Restaurant
3225,Achija Fast Food Hotel,19.17150161805354,72.95030059823549,Fast Food Restaurant
3226,Hotel Sea Land Bar & Restaurant,19.123852811726035,72.8925625874654,Restaurant
3227,Thambi Hotel,19.114684548389977,72.89339691328838,Indian Restaurant
3228,China Garden,19.181304280513913,72.94073901420114,Chinese Restaurant
3229,Amrut,19.135201853651864,72.90036724821294,Indian Restaurant
3230,Kiran Sandwich,19.165720729677602,72.9454251042654,Sandwich Place
3231,Ribbons And Balloons,19.16931544484976,72.93589168226532,Bakery
3232,Cafe Ambrosia,19.135795286954828,72.89850176698741,Restaurant
3233,City Life Restaurant,19.1235598943585,72.89236645821092,Chinese Restaurant
3264,Achija,19.079952090683097,72.90612931649017,Vegetarian / Vegan Restaurant
3270,Bougan Villa,19.08545315259107,72.90888332212081,Restaurant
3274,Mani's Lunch Home's Satvika,19.075220371653113,72.90472805685177,Indian Restaurant
3280,Gurukrupa,19.079800421290358,72.90605520985078,Indian Restaurant
3281,Sai Swad Dosa,19.080421342849117,72.90429817279468,Fast Food Restaurant
3296,The Royal Orchid,19.061738948824093,72.90159578992274,Asian Restaurant
3310,Tambi (Veg Restaurant),19.094242612077036,72.91331082752238,Vegetarian / Vegan Restaurant
3320,Geeta Bhavan,19.060667891068547,72.900487528278,Indian Restaurant
3322,Udipi Hotel,19.080081317818177,72.90410260214107,Fast Food Restaurant
3323,New Achija,19.0745252772314,72.90522350984352,Restaurant
3324,Popular Hotel,19.082174504398186,72.90973760735564,Indian Restaurant
3325,Saroj Veg Restaurant,19.06242549372872,72.89969264247486,Vegetarian / Vegan Restaurant
3327,Mad Over Donuts,19.086636790332673,72.88987597130591,Donut Shop
3328,Little Italy,19.069009732519675,72.90052139042739,Italian Restaurant
3329,GD's Chinese Corner,19.071278419010948,72.89715322489639,Chinese Restaurant
3332,Rainforest Resto-Bar,19.086480292846826,72.88910186429254,Restaurant
3333,Le Café,19.061790989789696,72.89947914536658,Café
3367,Chembur Post Office Wada Pav,19.05692,72.897953,Snack Place
3394,Lamba Da Dhaba,19.05260228697018,72.89939139105024,Punjabi Restaurant
3399,The Golden Wok,19.049958799924916,72.91016082789486,Chinese Restaurant
3404,Cream Centre,19.085395272031707,72.88767084538895,Indian Restaurant
3418,Odeon,19.07907284233626,72.90938872764244,Snack Place
3484,Vijay Punjab,19.045435038184205,72.91563656751569,Food
3492,Jhama,19.0511614249419,72.90435223529038,Asian Restaurant
3493,Sunny Restaurant Chembur,19.063960447933926,72.89627502885678,Indian Restaurant
3494,Sadguru Veg. Diet,19.06114495747239,72.89965197574098,Restaurant
3504,Sadguru,19.06156383527076,72.89954945666766,Vegetarian / Vegan Restaurant
3512,Ranjit Daa Dhabha,19.045217374343117,72.8947621680817,Indian Restaurant
3516,Mehman Nawazi,19.049595364231013,72.87684289790872,Indian Restaurant
3524,Vaishali Garden,19.06180017043726,72.90117695384774,Seafood Restaurant
3526,Wok Hei,19.052550176632757,72.89967331163851,Chinese Restaurant
3527,Hotel Pooja,19.081208576634513,72.90432592965671,Vegetarian / Vegan Restaurant
3620,L&T Canteen LR2,19.129448970421016,72.89619094982005,Food Court
3621,Cafe Lounge,19.11369850757806,72.89775418603544,Café
3622,Xpress fast food,19.111882991546544,72.8982675713562,Snack Place
3623,Jeskal Cafe,19.11418864971833,72.89706197937181,Café
3624,Brijwasi Sweets,19.11162774744678,72.89765035516304,Snack Place
3625,Chipsy Chopsy,19.110978576919596,72.8976032466888,Indian Chinese Restaurant
3626,Mandap,19.17154075109354,72.95642295688712,Restaurant
3627,Hari Om,19.170606737060535,72.96050064495557,Asian Restaurant
3628,Hotel Hoysala,15.458570194694792,75.00713344171727,Breakfast Spot
3629,L E A Canteen,15.462030287114601,75.00756707512164,Breakfast Spot
3630,Mishra Pedha,15.455302623603037,75.00689950742218,Fast Food Restaurant
3631,Karnatak Bhavan,15.456542542599777,75.00686527310658,Indian Restaurant
3632,Babusingh's Thakur Pedha,15.456414222717285,75.01164245605469,Snack Place
3633,Mythri Palace,15.443590731120551,75.01453928342991,Indian Restaurant
3636,Urban Tadka,19.183813963288003,72.95091612210126,Indian Restaurant
3645,"poptates,mulund",19.184165382053404,72.95157289172151,Italian Restaurant
3651,Shree Gokhale Upahaar Gruh,19.187973898163705,72.96968120490052,Maharashtrian Restaurant
3653,Mad Over Donuts,19.19336808897767,72.96765457117594,Donut Shop
3655,Moni's Restaurant,19.187929912286414,72.96742949484266,Indian Restaurant
3660,Utsav Restaurant,19.19468819151824,72.96668295875209,Indian Restaurant
3663,Fusion Dhaba,19.194130234193764,72.95266158585686,Indian Restaurant
3664,The Shelter,19.187658832800647,72.96652117376418,Indian Restaurant
3666,Cucina,19.193064759989095,72.9624724234642,Italian Restaurant
3671,Pizza Hut,19.176240201829895,72.95840101681532,Pizza Place
3673,Samudra,19.196901492930653,72.96214701007177,Restaurant
3674,The Appetite Momos,19.186971053854368,72.9745071405783,Dumpling Restaurant
3677,Mantra Restaurant & Bar,19.195777839462636,72.96207366479275,Chinese Restaurant
3678,Shri New Gajanan Vada Pav Centre,19.189899424204945,72.96952430972787,Burger Joint
3684,Rajmata वड़ा पाव,19.18929204492714,72.97233923879485,Snack Place
3685,Delhi Darbar,19.19496002248267,72.96224175073706,Indian Restaurant
3692,McDonald's,19.18387784235598,72.95166621880246,Fast Food Restaurant
3693,Malvan,19.193171902612935,72.96766250037172,Seafood Restaurant
3696,Cantonese Chinese,19.18704210823509,72.97445154314846,Chinese Restaurant
3697,Durga Vada Pav,19.187269470573984,72.97076120249127,Snack Place
3704,Subway,19.18380374941282,72.95149484387683,Sandwich Place
3705,Pizza Hut,19.1838352339889,72.95152319303834,Pizza Place
3711,Cheftoon,19.1365791722616,72.9362781018351,Chinese Restaurant
3712,Shree Ganesh Snacks,19.173668404425847,72.9564748595451,Breakfast Spot
3714,Hotel Shilpa,19.184160325526467,72.95409885955738,Vegetarian / Vegan Restaurant
3715,Shubham (Quick Chef),19.174765618595284,72.95808383630556,Restaurant
3716,McDonald's,19.187887261556696,72.97494712578161,Fast Food Restaurant
3717,Mini Punjab,19.123706797948532,72.90953457812515,Indian Restaurant
3718,Pandit's ZunkaBhakarKendra,19.13176303612935,72.92736790044303,Snack Place
3719,Food Court Rmall,19.18381742056378,72.95162191188659,Food Court
3720,Tibbs Frankie,19.129013554994717,72.92588492747102,Fast Food Restaurant
3721,Meeting Point,19.128174332377935,72.9272230308152,Food Truck
3722,Mamledar Misal Pav,19.128262,72.926445,Restaurant
3723,satkar grande,19.187334199804056,72.95459482268585,Indian Restaurant
3724,Juillet,19.124921706865027,72.9325753691398,French Restaurant
3725,Ranjeet Chinese Pure Veg.,19.19068520298235,72.94451415538788,Chinese Restaurant
3726,Ramanjaney Restro Bar,19.123899250802527,72.92510051857494,Indian Restaurant
3727,New Punjabi Tadka,19.119232661362005,72.93617428768391,Indian Restaurant
3728,247 Park Cafeteria,19.121436111186245,72.92654821239395,Food Court
3729,Coffee day xpress,19.12001403033847,72.92726340450639,Café
3730,Mohini Vilas,19.115937181649382,72.92801896803878,Vegetarian / Vegan Restaurant
3731,Hotel twins,19.185460308728768,72.9750033813083,Indian Restaurant
3732,Tandoor corner,19.191636447142603,72.96830290547707,Indian Restaurant
3733,On The Go - mad Orders,19.11654937198202,72.9249159514013,Fast Food Restaurant
4006,Eva's Pizza,19.11413125812075,72.88759008466205,Fast Food Restaurant
4011,Mahesh Lunch Home,19.106865558109074,72.88454924140912,Seafood Restaurant
4012,Urban Tadka,19.103745255876124,72.88655205656417,Indian Restaurant
4014,Kailash Parbat,19.10586185218594,72.88530174357547,Indian Restaurant
4016,Persian Darbar,19.10961186785835,72.87576522184452,Indian Restaurant
4019,Saptami,19.103143749462117,72.88676353732752,Asian Restaurant
4022,Tao,19.121265243051287,72.87045748585278,Asian Restaurant
4023,Domino's Pizza,19.126,72.874,Pizza Place
4024,Uttam Da Dhaba,19.11607278429451,72.8798274272608,Indian Restaurant
4025,"Poptates,Sakinaka",19.10383211812407,72.88628112779102,Fast Food Restaurant
4027,McDonald's,19.106162451201143,72.88372993469238,Fast Food Restaurant
4029,sveda,19.102011585007126,72.88624022278839,Indian Restaurant
4127,PizzaExpress BKC,19.069460981035068,72.86934770956003,Pizza Place
4202,Pizza Etc,19.08247011630029,72.90852727276226,Pizza Place
4203,Domino's Pizza,19.085,72.909,Pizza Place
4205,Samrat Hotel,19.085411047053952,72.9080389882445,Indian Restaurant
4206,Exotic Flavours,19.083640467753703,72.90911762674956,Indian Restaurant
4209,Suraj Restaurant & Bar,19.13996861649297,72.93097198728785,Indian Restaurant
4210,Bikaner Sweets & Namkin,19.14401658475138,72.93832021457075,Fast Food Restaurant
4211,Bharat Cafe,19.085585587311183,72.907448357476,Indian Restaurant
4212,Mix Corn,19.144541289188965,72.93449595262759,Falafel Restaurant
4213,H5 Canteen,19.135185146587897,72.90988478380123,Asian Restaurant
4214,Meghdooth's Mystique Masala,19.079627226160028,72.9095049548338,Indian Restaurant
4217,"Khao galli, near TCS, opp tunga paradise, MIDC",19.150226702112427,72.95395468403477,Fast Food Restaurant
4218,Chai Tapri - Oberoi Estate Gardens,19.113268914900416,72.89376820201655,Café
4219,Mumbai Express,19.13426726441314,72.90128392827712,Café
4220,Fusion,19.13433588149521,72.90132478705748,Indian Restaurant
4240,Raj Restaurant & Bar,19.04567678635443,72.89503479121021,Indian Restaurant
4245,Sainath Kulcha,19.046079186859217,72.89730136773345,Indian Restaurant
4248,Vig Refreshment,19.045716243834743,72.89537162702575,Fast Food Restaurant
4257,Barista,19.05208967038006,72.90081048215892,Café
4271,Bhatt Vishranti Gruha,19.054093231491542,72.89426066453167,Fast Food Restaurant
4281,Domino's Pizza,19.053,72.9,Pizza Place
4285,Domino's Pizza,19.052,72.901,Pizza Place
4287,Busago,19.069057661705134,72.87024132614721,Thai Restaurant
4289,Hello Guppy,19.059342649091267,72.86471223817026,Japanese Restaurant
4290,Oriental Swing @ MCA,19.060699194407576,72.86589963137367,Chinese Restaurant
4291,Shree Ganesh Sagar,19.051031987872932,72.90432882052318,Indian Restaurant
4292,Tuskers,19.067460769707303,72.8693166979065,Indian Restaurant
4293,Jyran,19.06831526915627,72.86906455874589,Indian Restaurant
4298,Sion lunch home,19.045531221133896,72.86426640903933,Indian Restaurant
4300,McDonald's,19.072822,72.866768,Fast Food Restaurant
4305,O22,19.066447147928148,72.86722947753331,Café
4306,KFC,19.05218651161172,72.90143784560142,Fast Food Restaurant
4307,Dishkiyaoon,19.063736974737807,72.86210554655392,Diner
4308,Cafe Coffee Day,19.05294042171337,72.89900592135446,Café
4309,Aparna Lunch Home,19.045211681553926,72.86506731662769,Seafood Restaurant
4310,Pizza Hut,19.0759837,72.8776559,Pizza Place
4311,Domino's Pizza,19.03,72.867,Pizza Place
4312,King Chilly,19.078381544996166,72.86634994000326,Chinese Restaurant
4313,O22 Trident,19.066366021130715,72.86730033852396,Indian Restaurant
4316,McDonald's,19.0690342930627,72.90051003325276,Fast Food Restaurant
4317,Peninsula,19.04188050879237,72.86297410893258,Indian Restaurant
4318,Grilled House Kabab Corner,19.05904156924296,72.90099599402937,Indian Restaurant
4319,Noodle Bar,19.086635408873327,72.8898634665781,Chinese Restaurant
4395,Grub Shup,19.040679284461977,72.8461678108761,Café
4459,Hotel Saroj,19.056396342541625,72.89774103749866,Indian Restaurant
4462,The Golden Lawn,19.060151277037736,72.89697173184292,Indian Restaurant
4463,Sankalp,19.069034920420858,72.90051145611453,Indian Restaurant
4464,"Cafe Coffee Day, Deonar",19.044228986693565,72.91874094477424,Café
4468,China Bistro,19.04567276270593,72.91471125944274,Chinese Restaurant
4469,Lucky Restaurant & Banquets,19.052050208728573,72.9103959606414,Indian Restaurant
4470,McDonald's,19.052008560803607,72.90174266759074,Fast Food Restaurant
4471,Oye Kake,19.075152973091093,72.90518420669447,Indian Restaurant
4472,cafe coffee day,19.061513766081394,72.90042746942959,Café
4473,Oven Hot,19.05710137319132,72.89821565603656,Bakery
4475,Cafe Udipi,19.06151017752572,72.90067343031492,Indian Restaurant
4476,MAFCO,19.04117080652529,72.92619061553405,Fast Food Restaurant
4477,Stars Parade Resturant,19.0508219946724,72.89345958832494,Indian Restaurant
4478,Grand Central,19.06137370020115,72.90057508413668,Indian Restaurant
4479,Cafe Rumours,19.07749507220888,72.89907473909548,Fast Food Restaurant
4480,Domino's Pizza,19.054,72.895,Pizza Place
4481,Patel Juice Centre,19.062905207690967,72.89852137942411,Fast Food Restaurant
4482,Yogi,19.053935033922897,72.89531991711145,Indian Restaurant
4483,Krishna's Veg Restaurant,19.05392414022575,72.89381504058838,Fast Food Restaurant
4484,Singh Saab,19.050444109145744,72.89354658887576,Diner
4485,Vaishno Punjab,19.04513049043779,72.89321442766219,Indian Restaurant
4486,MAFCO Restaurant,19.065803190290435,72.89518724297817,Indian Restaurant
4487,Ankit Chinese Corner,19.052870967244225,72.89053783364292,Chinese Restaurant
4488,Utsav Veg. Restaurant,19.019727944405183,72.8981579723349,Indian Restaurant
4489,Ghatkopar Bakery,19.088770148209008,72.90776500175224,Bakery
4490,Rohini Resto And Bar,19.08028880517285,72.89590252874294,Restaurant
4491,Burgs,19.09381412036536,72.92295455932617,Burger Joint
4492,Bhatt's Ukala/Chai Corner,19.080732755854598,72.89617624989727,Restaurant
4499,Ladu Samrat,18.994526327955356,72.83657359834994,Maharashtrian Restaurant
4500,Kebabs & Kurries,18.997937687421697,72.83763946175854,Indian Restaurant
4509,Hornby's Pavilion,18.998140784419405,72.83841899820239,Restaurant
4512,Jai Hind Lunch Home,19.015759701139082,72.83960767357596,Indian Restaurant
4514,Cafe Colony Stores,19.019094451723213,72.84717162006642,Café
4516,Punjabi Tadka,19.017003113043224,72.8448333783413,Indian Restaurant
4517,Gupta Chat Centre,19.027062704089776,72.85148075408065,Snack Place
4518,Trupti Pure Vegetarian,19.021817509193987,72.84251946550573,Vegetarian / Vegan Restaurant
4519,Shree Krishna Batata Wada,19.020152402788565,72.8424739489936,Fast Food Restaurant
4520,D.P's Fast Food Centre,19.02336743364745,72.84949356999297,Fast Food Restaurant
4523,Grandmama's Café,19.016673212744305,72.84611661229603,Café
4524,Food Arcade,19.02353958541994,72.85370869298745,Fast Food Restaurant
4525,Pizza Hut,19.016735036439773,72.85898178107004,Pizza Place
4526,Domino's Pizza,19.00742216482156,72.84098322500434,Pizza Place
4527,Subway,19.027066551052418,72.8558408535918,Burger Joint
4528,Aditi NX Veg. Restaurant,19.002896699760132,72.84134210073753,Indian Restaurant
4529,cafe coffee day,19.017676170870473,72.85581350326538,Café
4530,Shrikrishna Wada,19.0194678725233,72.84253869785303,Breakfast Spot
4531,McDonald's,19.017056137573196,72.84261893955151,Fast Food Restaurant
4532,Cafe Coffee Day,19.02705371566301,72.85150004004392,Café
4533,Shree Sunders,19.02704229712819,72.85151578443184,Indian Restaurant
4534,7 Spice - Chinese Restaurant,18.995603027509095,72.83906022381811,Chinese Restaurant
4535,Gaurishankar Chhitrmal Mithaiwala,19.005567713119863,72.83944300367044,Snack Place
4536,Cafe Coffee Day,19.026156499329797,72.85684274319726,Café
4537,Rasna Punjab,19.025904319352833,72.85672065449313,Indian Restaurant
4538,Amba Bhavan,19.027109724416327,72.85461541151896,Snack Place
4539,relax fast food,19.022382042174783,72.85758271996006,Fast Food Restaurant
4540,Spring Onion,19.025998010541663,72.85481630531633,Chinese Restaurant
4541,Garnish,19.02778395469456,72.85663225126598,Indian Restaurant
4542,5 spice,19.02622555343613,72.8553379694116,Chinese Restaurant
4543,Spenta Bakery,19.00505223985712,72.84488695363991,Bakery
4544,Family Park,19.026325100748338,72.85617211206487,Food Court
4545,Domino's Pizza,19.03920047355133,72.86148477674912,Pizza Place
4546,Leo Burnett Cafeteria,18.998784508805684,72.84037636275194,Cafeteria
4547,Shabari Restaurant,19.039494712261867,72.86167386918203,Indian Restaurant
4548,Sarvi,18.96685250452282,72.82922116407411,Middle Eastern Restaurant
4549,Swati Snacks,18.96644170253803,72.81353124991814,Indian Restaurant
4550,Celejor,18.97584443166727,72.8236785218938,Bakery
4551,Jaffer Bhai's Delhi Darbar,18.961417197216175,72.82337928586074,Indian Restaurant
4552,Indigo Delicatessen,18.994498279390033,72.82375973512458,Deli / Bodega
4553,The Sahib Room & Kipling Bar,18.99433338351496,72.82384950789341,Indian Restaurant
4554,Neel,18.980407099558455,72.82040255503206,Indian Restaurant
4555,Persian Darbar,18.976055278875254,72.8336433634414,Indian Restaurant
4556,Theobroma,18.970734914004037,72.80981586266414,Bakery
4557,Chinese Palace,18.972650375746568,72.81418652853344,Chinese Restaurant
4558,Francesco's,18.995435242986712,72.82496433065423,Pizza Place
4560,Nature's Basket,18.9758750502239,72.80879775448842,Deli / Bodega
4561,Gallops,18.981231454989828,72.81717834531408,Restaurant
4563,Shalimar Restaurant,18.958180122249892,72.83236650763473,Indian Restaurant
4564,Copper Chimney,18.98835720194232,72.81382790299645,Indian Restaurant
4565,Delhi Darbar,18.961580689107752,72.82352680100172,Indian Restaurant
4566,Shree Thaker Bhojnalay,18.951216985262224,72.82832591412115,Indian Restaurant
4567,Blue Tokai Coffee Roasters,18.989441319127916,72.82533717622034,Café
4568,Sigdi Restaurant,18.970522543245263,72.8310336481102,Indian Restaurant
4570,Gloria Restaurant,18.97548454239597,72.83388434849309,Asian Restaurant
4571,Gajalee,18.994493074691302,72.82440446200073,Indian Restaurant
4573,Candy & Green,18.974958,72.806143,Vegetarian / Vegan Restaurant
4574,Mad Over Donuts - Breach Candy,18.970929574322874,72.80466914176941,Donut Shop
4575,Trupti,18.99467157396348,72.82372442848079,Indian Restaurant
4576,symphony,18.963346739565118,72.81025132774622,Restaurant
4577,Bhagat Tarachand Restaurant,18.951801999721898,72.83048598110027,Indian Restaurant
4578,PA PA YA,18.994414593814927,72.82420804246968,Molecular Gastronomy Restaurant
4579,Subway,18.99511443877421,72.8250222905259,Sandwich Place
4580,Mad Over Donuts,18.995205240247778,72.82496298658846,Donut Shop
4581,Delhi Zaika,18.96184899547976,72.8311663573967,Restaurant
4582,Al Rehmani,18.961842975722288,72.8318178382764,Indian Restaurant
4584,Shizusan Shophouse & Bar,18.995505343152658,72.82599944109083,Asian Restaurant
4585,Quattro Ristorante,18.994392354844518,72.8256360963289,Italian Restaurant
4586,The Malabar Hill Club,18.954392250210518,72.8035103932751,Restaurant
4589,Soam,18.957492031614574,72.80888354503129,Indian Restaurant
4590,Right Place,18.971162547832463,72.80479718952274,Sandwich Place
4591,Francesco's Pizzeria,18.96478038379596,72.80463029311528,Pizza Place
4592,Crystal,18.955930610388766,72.8120951495242,Indian Restaurant
4593,Mohd Ali Road,18.954751326725216,72.83319816783988,BBQ Joint
4594,Oh! Calcutta,18.972467526216324,72.81563801608259,Bengali Restaurant
4595,Palms - Catholic Gymkhana,18.94975999002401,72.82001852587977,Restaurant
4597,Pronto,18.975295158442606,72.81278254955731,Italian Restaurant
4598,Cream Centre,18.955504728100184,72.81318601567378,Mexican Restaurant
4599,Francesco's Pizzeria,18.99538300512374,72.82515859335678,Pizza Place
4600,Gulshan-E-Iran,18.948117926668065,72.83542708588257,Middle Eastern Restaurant
4601,Govinda's Vegetarian Restaurant,18.95745164319056,72.80999366135798,Indian Restaurant
4602,Punjab Grill,18.994090029778707,72.82447105350454,Punjabi Restaurant
4603,Sukhsagar,18.956065697702584,72.8134137609859,Snack Place
4604,Santosh Sagar,18.96117681964424,72.80142469483619,Fast Food Restaurant
4605,Riso,18.99478675382933,72.82575199802368,Italian Restaurant
4606,Royal China,18.938715239156295,72.83293313173236,Chinese Restaurant
4607,Vinay Health Home,18.95301089843378,72.82512881320312,Fast Food Restaurant
4608,B. Merwan & Co.,18.96246347209398,72.81600477909575,Bakery
4609,Maji Sagar,18.972683352131636,72.81468320244811,Fast Food Restaurant
4610,Haji Tikka,18.960212639536078,72.83069898958891,BBQ Joint
4611,China Garden,18.972304936503424,72.80630172616785,Chinese Restaurant
4612,Mainland china asia kitchen,18.994323115663583,72.82424903010732,Chinese Restaurant
4613,Gajalee Sea Food @ Phoenix Mills,18.994501385991736,72.82445297884915,Seafood Restaurant
4614,Mukkam Post Malwan,18.996683365143227,72.81645442072391,Seafood Restaurant
4615,Afzal Restaurant,18.96984970032962,72.84066353875077,Indian Restaurant
4616,Café Noorani,18.977187310225997,72.81174624509663,Indian Restaurant
4619,Britannia & Co.,18.934683361330222,72.8401828706296,Parsi Restaurant
4621,Chinese-n-Grill,18.954864340418663,72.83380395481826,Chinese Restaurant
4622,Sushi and More,18.96513699842837,72.80395157815201,Japanese Restaurant
4624,Govindas,18.957467400710083,72.8098425904172,Indian Restaurant
4625,Kobe Sizzlers,18.95660470617759,72.81346491373459,Steakhouse
4628,Pizza By The Bay,18.933515653026742,72.823924806057,Pizza Place
4629,Surti Hotel,18.952567249812088,72.82990537116653,Food
4630,Yazdani Bakery,18.93319143074909,72.83359064269625,Bakery
4632,Panchratna Jalebi House,18.954824968508206,72.81713096387607,Breakfast Spot
4633,Dark Temptations,18.94299933727028,72.82810953771249,Bakery
4635,Sher-E-Punjab,18.937943835353455,72.83785334602881,Indian Restaurant
4636,Kebab Korner,18.935090246815065,72.82402901317175,Indian Restaurant
4637,Pratap Lunch Home,18.933605218629197,72.83285417004964,Seafood Restaurant
4638,Catholic Gymkhana,18.94968068708717,72.82033307360804,Gastropub
4639,Mama Mia!,18.957481183215904,72.8131199066688,Breakfast Spot
4641,"Long & Short, The GastroBar",18.935054048809455,72.82401389773644,Gastropub
4642,Badshah,18.947243551536065,72.833455829912,Fast Food Restaurant
4643,Balwas,18.93954817320922,72.82831136080151,Indian Restaurant
4644,Mahesh Lunch Home,18.934120608422297,72.83382111973616,Indian Restaurant
4645,Cafe Excelsior,18.937701207635694,72.8335661466234,Café
4647,Dakshin Bar And Kitchen,18.93648945230135,72.83748977150547,Seafood Restaurant
4698,The Bayview - Hotel Marine Plaza,18.931876096865885,72.82303056777508,Italian Restaurant
4701,Food for Thought,18.932030548104755,72.83166719005116,Café
4702,Dakshinayan,18.947881215816018,72.79735662773038,Indian Restaurant
4703,The Sassy Spoon,18.928425922468104,72.82251196171583,Diner
4714,"The Oriental Blossom, Marine Plaza",18.93160511562937,72.82312062346041,Asian Restaurant
4722,The J,18.9303738249949,72.82673394356861,Fast Food Restaurant
4726,India Jones,18.927878457481018,72.82066393146417,Restaurant
4728,Café at the NCPA,18.92525684284292,72.81957843982663,Café
4733,Gola's,18.949306841562212,72.81945304261365,Food Truck
4738,Umame,18.931966467648092,72.8282430677147,Japanese Restaurant
4740,H Parmesha Fast Food Corner,18.930392315607495,72.83354934229565,Fast Food Restaurant
4741,Burma Burma,18.929590298584472,72.83204264290254,Asian Restaurant
4742,China Gate,18.991158465565945,72.81431477864353,Chinese Restaurant
4744,Fenix Oberoi,18.927143611688816,72.82014258477373,Restaurant
4761,Trishna,18.928618767483165,72.83235598103688,Seafood Restaurant
4784,Café Mondegar,18.924219037574055,72.83210608191361,Café
4786,Golden Dragon,18.9284790979465,72.83249344629071,Chinese Restaurant
4787,The Nutcracker,18.9285089238906,72.83368287546709,Breakfast Spot
4788,Kala Ghoda Café,18.928515092036694,72.83235419845913,Café
4790,PizzaExpress Colaba,18.923899084049445,72.83345215349688,Pizza Place
4792,Joss,18.927955354996875,72.8318478536963,Japanese Restaurant
4797,Taste of Kerala,18.934205482667142,72.833215449282,Indian Restaurant
4799,Le15 Cafe,18.923805770003625,72.83265128731728,Café
4801,The Table,18.924099,72.833097,New American Restaurant
4803,Wasabi by Morimoto,18.922011858054795,72.83366279313577,Japanese Restaurant
4804,Leopold Café,18.922827901254987,72.83170853612214,Café
4805,145 Kala Ghoda,18.928088355756284,72.83184438252898,Café
4807,New Martin,18.91862420333764,72.82951216623856,Indian Restaurant
4809,Swati Snacks,18.92443615043811,72.82475613548655,Chaat Place
4811,Piccadilly,18.921425293487804,72.83093565394984,Falafel Restaurant
4812,Café Basilico,18.91860901934294,72.83048426934867,Diner
4814,Thai Pavilion,18.914246393461482,72.82108040339331,Thai Restaurant
4815,The Pantry,18.928774696503215,72.83225647688218,Deli / Bodega
4816,Status,18.924562,72.821526,Indian Restaurant
4818,Khyber Restaurant,18.928133650077747,72.83154069845135,Indian Restaurant
4819,Sahakari Bhandar Restaurant,18.924767018432732,72.83195134644758,Indian Restaurant
4820,Souk,18.922433917282156,72.83393382078587,Mediterranean Restaurant
4822,Frangipani,18.927909526385957,72.8206791347405,Mediterranean Restaurant
4824,Indigo Delicatessen,18.92394621260998,72.83334800763832,Breakfast Spot
4825,Pa Pa Ya (Colaba),18.921456,72.832337,Asian Restaurant
4832,HQ (Headquarters),18.925159164472962,72.83203644554656,Café
4837,La Patisserie,18.922033034140203,72.83312813842655,Bakery
5143,Konkan Cafe,18.914361295310027,72.82105900117253,Indian Restaurant
5243,210°Veg Gourmet Bakery,18.96182828788107,72.80213713645935,Bakery
5244,Tulips Ristorante,18.964929029677727,72.80413744820792,Café
5245,Sun Veg Restaurant,18.966977532379673,72.80405511778963,Indian Restaurant
5246,Intercontinental Paanwala,18.94610534071887,72.80039895568976,Food Truck
5247,Rahul's Food Court,18.948477321731232,72.79778066933812,Fast Food Restaurant
5301,Rajesh Frankie,18.968583878022176,72.80323234939749,Fast Food Restaurant
5302,Howra,18.96627155517114,72.80405177692147,Café
5303,Ministry of Salads,18.966871512996093,72.80357335714056,Salad Place
5304,Mafco,18.96592115473257,72.8036624619496,Fast Food Restaurant
5305,Mafco Farm Fair ¤,18.965941974972885,72.80364103301606,Chinese Restaurant
5306,Plate & Pint French Ristorante,18.965628,72.803645,French Restaurant
5307,Delifresh,18.964983862636554,72.80399322509766,Bakery
5308,Tart,18.963941946381343,72.80344009184546,Bakery
5365,Sassanian,18.94275386041039,72.82697469313133,Bakery
5368,5 Spice,18.94354017123391,72.82515882110566,Chinese Restaurant
5369,Cafe Coffee Day,18.945178672797674,72.82633445786236,Café
5370,Say Cheese,18.95423508702571,72.81819872937999,Fast Food Restaurant
5371,Little Italy's La Pizzeria,18.94302621797815,72.82502126474827,Italian Restaurant
5372,Sadanand Hotel,18.947969997648123,72.83409430977179,Indian Restaurant
5373,Cannon Pav Bhaji,18.95280431168919,72.80507317218883,Food Truck
5374,Domino's Pizza,18.953,72.817,Pizza Place
5375,Jaffer Bhai's Delhi Darbar,18.94267349916182,72.82695413991853,Indian Restaurant
5376,Saffron Bay,18.954689528471008,72.8147964113239,Restaurant
5377,Subway,18.94771135598101,72.83386249089212,American Restaurant
5378,Asian Street Kitchen,18.954779698769368,72.81445063372826,Asian Restaurant
5379,Thacker's,18.954042099856974,72.81487053191732,Indian Restaurant
5380,Golden Star Thali,18.952892141007037,72.81754087807279,Indian Restaurant
5381,Bawarchi,18.946074577323962,72.83173758350135,Indian Restaurant
5382,Hotel Geeta Bhavan,18.945818299201616,72.82830393502596,Indian Restaurant
5383,Cafe Coffee Day,18.95403097099501,72.81639479413897,Café
5384,Revival Restaurant Banquet Bar,18.95464540730437,72.81471947325515,Multicuisine Indian Restaurant
5385,Prahlad Pattuce Centre,18.942594485684406,72.8284659977074,Food Truck
5387,Snowflake Goan restraunt,18.943899162565117,72.82858139830525,Portuguese Restaurant
5388,Sandwichwala,18.94298763631081,72.83107403790068,Sandwich Place
5390,Hotel Madras Bhavan,18.946648435034493,72.82889297964431,Indian Restaurant
5391,Kamat Hotel,18.946114259780725,72.8314086959075,Indian Restaurant
5392,Jamnagari Farsan Mart,18.94805,72.831698,Fast Food Restaurant
5393,Cafe Firdos,18.948092075028995,72.83412633271607,Indian Restaurant
5590,Di Bella,19.03580648293794,72.841338597692,Café
5794,Khana Khazana,18.955355920891826,72.86647599551891,Indian Restaurant
5795,The Sun,18.954980432564653,72.79852347345025,Vegetarian / Vegan Restaurant
5796,Santosh sagar,18.955049882180525,72.79769825673128,Indian Restaurant
5899,Ideal Corner,18.934961470035777,72.83405011234707,Indian Restaurant
6065,Bombay Brasserie,18.988419493554034,72.8146925449413,Indian Restaurant
6070,Palladium Social,18.994529545544754,72.82421887155638,Café
6076,Crystal Lower Parel,18.997512766868187,72.82698474374982,Vegetarian / Vegan Restaurant
6080,Masque Restaurant,18.989762,72.825681,Modern European Restaurant
6081,Seven Kitchens,18.993868526633054,72.82421183865341,Restaurant
6082,Pallette,19.00309388457025,72.82850699989027,Deli / Bodega
6084,The Coffee Bean & Tea Leaf,18.994979,72.825147,Café
6085,Maroosh,18.995143051981316,72.82499602722956,Middle Eastern Restaurant
6088,Mi Maratha,18.998910125987525,72.82424926757812,Indian Restaurant
6090,Kathi Kabab Rolls,18.996509032528724,72.82667286182631,Fast Food Restaurant
6091,London Taxi,19.00334,72.82792,Molecular Gastronomy Restaurant
6092,Jamie's Pizzeria by Jamie Oliver,18.994821890540624,72.82416343688965,Pizza Place
6094,Aqaba,18.99851677013179,72.83032317135715,Mediterranean Restaurant
6097,Snack in the box,19.01292767710536,72.82596179129949,Bakery
6098,The Baker's Dozen Prabhadevi,19.01256873996749,72.82527603726814,Bakery
6099,Mekong,18.994152594704243,72.82380608678424,Asian Restaurant
6272,Fenix,18.927130846689757,72.82015074655548,Japanese Restaurant
6290,Ziya,18.927116093151543,72.82016540442402,Indian Restaurant
6298,Kamling,18.933525636895716,72.82571483129949,Chinese Restaurant
6760,Cafe Irani Chai,19.039096400093342,72.8427195040113,Breakfast Spot
6778,Costa Coffee,19.050511549486465,72.82659073034685,Café
6782,Sneha Restaurant,19.037553501777513,72.84218470256754,Indian Restaurant
6785,Mamagoto,19.054876495307813,72.82839535179241,Asian Restaurant
6786,American Express Bakery,19.05479504313943,72.82677376045608,Bakery
6789,The Village Shop,19.055241156076104,72.82489878833995,Gluten-free Restaurant
6794,Elco Chat Corner,19.055762166881593,72.83321593299348,Indian Restaurant
6795,National Restaurant,19.056545673443438,72.83914131362513,Indian Restaurant
6796,Heng Bok,19.05916301268284,72.83754654651213,Korean Restaurant
6797,Elco Veg Restaurant,19.055791372778778,72.83325257128638,Snack Place
6798,Vista,19.04373786287698,72.81923790384788,Café
6888,Gomantak Restaurant,19.02305993438658,72.8422029384039,Maharashtrian Restaurant
6999,Trattoria,18.91486345896775,72.82082103851208,Italian Restaurant
7092,Maritime By San Lorenzo,19.0436961489794,72.8192626244849,Italian Restaurant
7093,Masala Bay,19.0436676161954,72.81925857935558,Indian Restaurant
7095,Mafco Farm Fair,19.039117054057122,72.8232325232796,Food Truck
7185,Kakori House,19.037635403099426,72.84214852169916,Indian Restaurant
7188,Saheb Restaurant and Bar,19.059720177704147,72.84696433105717,Indian Restaurant
7189,Jaffer Bhai's Delhi Darbar,19.041456398886584,72.8407486646235,Indian Restaurant
7193,Jai Hind,19.05606490713528,72.83488535462942,Seafood Restaurant
7194,Mama Mia,19.055767118543354,72.83452920697164,Pizza Place
7197,MIG Club - Belvedere Restaurant,19.056423299262168,72.8466120705936,Restaurant
7198,Modern Lunch Home,19.04541906032863,72.86402602636001,Seafood Restaurant
7199,Lucky Restaurant,19.05404467914935,72.8377121643924,Indian Restaurant
7353,Liberty Juice Centre,18.94245048434862,72.82647532880812,Food Truck
7354,Panchratna restaurant & bar,18.942899612037753,72.82682009073554,Indian Restaurant
7355,Om Sandwich and Chaat Stall,18.942877684432275,72.82696001490437,Sandwich Place
7853,Little Italy,18.983885279000116,72.81524072817999,Italian Restaurant
7856,McDonald's,18.98077515140672,72.82118410971161,Fast Food Restaurant
8256,Gypsy Chinese Restaurant,19.025293144971897,72.84027842964724,Chinese Restaurant
8257,Mad Over Donuts,19.20277031855243,72.96539399341235,Donut Shop
8258,Food Court,19.20250213367996,72.96568702509781,Food Court
8259,Café Verve,19.19217775466951,72.97361186599915,Café
8260,Preeti Sandwich,19.195161708778645,72.97667283237502,Sandwich Place
8263,Mamledar Misal Pav,19.19150957506183,72.97715339862295,Fast Food Restaurant
8264,Stone Oven,19.192209002422366,72.97350216183094,Italian Restaurant
8265,China Bistro,19.21955810971954,72.9703107840066,Chinese Restaurant
8268,Bombay Barbeque,19.203663689787273,72.96848800418059,BBQ Joint
8269,Sheetal Grille,19.207296815926224,72.97741413116455,Indian Restaurant
8270,Pizza Express,19.208267689516294,72.9719795460722,Pizza Place
8271,Oriental Spice,19.199093127226252,72.96465104063878,Chinese Restaurant
8274,Mad Over Donuts,19.208240236154843,72.97198747746599,Donut Shop
8276,Hotel Sai Krupa,19.19226744367026,72.97370591305948,Vegetarian / Vegan Restaurant
8277,Domino's Pizza,19.19281382349543,72.96733531643444,Pizza Place
8281,The Yellow Chilli,19.208227727048783,72.97234500536955,Indian Restaurant
8282,Sbarro,19.2087270773421,72.97188367894938,Italian Restaurant
8284,Zaffran,19.202469890939692,72.96567537510299,Indian Restaurant
8285,KFC,19.202730130952883,72.96543210476361,Fast Food Restaurant
8291,Prashant Corner,19.219399360466937,72.97023406920302,Fast Food Restaurant
8292,Coconut Lagoon,19.227320294337698,72.9702205678425,Seafood Restaurant
8293,Amantran,19.191013105570082,72.97663481736215,Indian Restaurant
8294,FishLand,19.203066682379223,72.97268699502398,Seafood Restaurant
8295,Royal Challenge,19.20095868248072,72.96455423465783,Seafood Restaurant
8296,Urban Tadka,19.20241331749143,72.96573075375106,Indian Restaurant
8297,Shiva Prasad Restaurant,19.193900153225908,72.97270868054828,Diner
8299,Viviana Food Court,19.208493741722126,72.97209127594994,Food Court
8300,McDonald's,19.212116893035585,72.98481201039789,Fast Food Restaurant
8305,Banana Leaf,19.207890613807344,72.97194711138557,Indian Restaurant
8306,Subway,19.226913732038877,72.97023139455273,Sandwich Place
8307,Oven Hot,19.227223899431706,72.97039324556961,Bakery
8309,The Peking Tom,19.230268630386483,72.97711968088296,Thai Restaurant
8314,Magic Dust Cafe,19.227529662454565,72.97338740006796,Café
8321,West Coast Grill,19.16040138322943,72.99203916554967,Burger Joint
8323,Domino's Pizza,19.204,73.006,Pizza Place
8324,Malvan Express,19.23636004106238,72.97018252998994,Indian Restaurant
8332,Rangla Punjab,19.235374487076857,72.96976156581489,Indian Restaurant
8339,Ramji restaurant,19.232544405844312,72.96965007745105,Indian Restaurant
8343,iGate Knowledge Park - Canteen 1,19.177949891945243,72.9904686531788,Food Court
8346,The Hub,19.23329043721322,72.96804886822223,Indian Restaurant
8347,Brindavan Cafe,19.23332299140107,72.96795295920616,Indian Restaurant
8348,Chulha Restrobar,19.234006,72.969544,Indian Restaurant
8349,Zayna uber dining,19.168998923548813,73.00046394601863,Restaurant
