,0,1,2
0,12,6.890287289800935,619371.1666666666
1,13,7.823704672974213,624898.6153846154
2,12,8.11436629616224,633274.0
3,12,8.235700286563425,619371.1666666666
4,13,7.421140305204036,624898.6153846154
5,11,7.66173552202881,628005.4545454545
6,12,8.052025710870426,633274.0
7,11,8.36709984319732,628005.4545454545
8,11,8.23062917805464,628005.4545454545
9,12,7.370869207177273,619371.1666666666
10,13,7.612040358907573,624898.6153846154
11,13,8.523025905514698,606952.7692307691
12,11,8.113907271825198,628005.4545454545
13,11,8.432246787705377,628005.4545454545
14,12,8.257653939386984,633274.0
15,9,7.887611593431285,612253.7777777778
16,13,8.380712967712189,592047.8461538461
17,9,7.544835352511033,612253.7777777778
18,12,8.177762832416025,633274.0
19,10,8.002421750466766,628850.2999999999
20,11,9.177402703636442,613312.2727272727
21,12,7.521230318595362,619371.1666666666
22,11,8.095689215190577,628005.4545454545
23,9,7.716234416692683,612253.7777777778
24,9,7.883364878260737,612253.7777777778
25,13,8.246021733619585,592047.8461538461
26,12,8.097468403144525,608374.9166666666
27,12,6.878860893947432,619371.1666666666
28,14,7.990513435429302,591893.5
29,12,7.455748825000025,609632.5000000001
30,11,7.886213596919175,628005.4545454545
31,14,7.653397734385252,564555.2857142857
32,14,8.014985328915872,591893.5
33,11,8.131161504418975,628005.4545454545
34,11,9.199157923379998,613312.2727272727
35,13,8.28399862299649,592047.8461538461
36,9,7.616571986994582,612253.7777777778
37,13,8.47422141966325,606952.7692307691
38,9,9.113668742725071,612253.7777777778
39,13,7.93108558115501,592047.8461538461
40,14,7.486928318428739,564555.2857142857
41,13,8.295205191040703,592047.8461538461
42,12,6.768201522754377,587476.5833333333
43,12,6.710491842823969,587476.5833333333
44,11,8.394086702079019,628005.4545454545
45,12,7.105396704869194,595921.6666666666
46,11,8.367569963031006,628005.4545454545
47,12,7.511282430731122,619371.1666666666
48,11,8.111633810340193,628005.4545454545
49,12,7.204216810439704,595921.6666666666
50,12,7.496011526043113,619371.1666666666
51,12,6.715688321382733,587476.5833333333
52,11,8.527556186996184,628005.4545454545
53,11,8.174550898079605,628005.4545454545
54,12,8.251582498465247,608374.9166666666
55,7,8.492396352193229,621062.8571428572
56,9,7.549432402262643,612253.7777777778
57,13,7.462153663814083,624898.6153846154
58,10,8.288438983361711,628850.2999999999
59,10,7.87922729558761,628850.2999999999
60,10,7.93962397426408,628850.2999999999
61,11,8.537171142188047,628005.4545454545
62,12,8.184476553117724,608374.9166666666
63,11,8.631660499333105,628005.4545454545
64,11,8.520147625861792,628005.4545454545
65,12,7.132586789101915,595921.6666666666
66,10,9.265865587291515,628850.2999999999
67,13,7.747076528572275,595457.4615384616
68,12,6.737613498062717,587476.5833333333
69,14,7.660735912206396,564555.2857142857
70,11,8.253911064817745,618325.5454545454
71,12,6.9028941359064495,587476.5833333333
72,11,8.492477350199765,628005.4545454545
73,12,8.014346628556298,608374.9166666666
74,12,7.702581881871536,647914.5
75,13,8.265814367421042,592047.8461538461
76,9,8.128963963272383,612253.7777777778
77,12,7.2804044616165635,595921.6666666666
78,12,6.920811508693599,587476.5833333333
79,9,9.052282358261209,612253.7777777778
80,9,7.633487946774956,612253.7777777778
81,12,7.111716001278871,595921.6666666666
82,10,7.320672722374618,646418.9
83,12,7.075634176655009,619371.1666666666
84,12,8.174276483891274,608374.9166666666
85,9,7.090810495356855,603795.3333333333
86,7,8.556842207275132,621062.8571428572
87,12,7.28499324350545,595921.6666666666
88,9,7.597098415983609,612253.7777777778
89,10,7.557098544956956,621237.7
90,13,8.40478374174361,592047.8461538461
91,9,9.238108505537033,612253.7777777778
92,11,6.975463815584961,602424.1818181819
93,13,7.874710746035243,624028.1538461539
94,10,7.583046890510497,621237.7
95,9,9.105982926666401,612253.7777777778
96,14,7.819799613320579,591893.5
97,14,7.857583843273732,591893.5
98,11,7.135741330428731,602424.1818181819
99,10,7.578616026076778,621237.7
100,12,7.253101173147406,595921.6666666666
101,12,7.132024020059764,595921.6666666666
102,12,7.055208088764689,595921.6666666666
103,12,7.23475556760959,595921.6666666666
104,11,7.164896348388323,602424.1818181819
105,13,7.541208790868357,595457.4615384616
106,11,7.224657012903273,602424.1818181819
107,11,6.056310780761351,587257.4545454546
108,12,7.0500276196579525,595921.6666666666
109,13,7.088037899361802,577511.6153846153
110,11,7.159037700776006,602424.1818181819
111,14,7.468935999710252,564555.2857142857
112,11,6.962002384314626,602424.1818181819
113,14,7.514470809800015,564555.2857142857
114,12,6.93897676852441,587476.5833333333
115,12,7.280610486897117,595921.6666666666
116,13,7.977063287966306,594587.0
117,12,7.106476053868849,595921.6666666666
118,10,7.142574708869053,628927.3999999999
119,11,7.23368517017596,602424.1818181819
120,10,6.727859073824082,628927.3999999999
121,11,7.218407193368522,610291.8181818182
122,13,6.631268010792066,562606.6923076923
123,13,7.16980061760841,562606.6923076923
124,11,7.043016218086668,602424.1818181819
125,11,7.202659899062088,602424.1818181819
126,9,7.740692730757514,606291.7777777779
127,13,7.892659696980747,592047.8461538461
128,11,6.054370149441127,587257.4545454546
129,14,7.836510853382625,591893.5
130,13,6.964200299896335,562606.6923076923
131,11,5.997263879567473,587257.4545454546
132,12,7.247755133038507,595921.6666666666
133,13,7.574414138302386,624898.6153846154
134,13,7.967871535447837,594587.0
135,13,6.40704780321013,562606.6923076923
136,11,7.314917538197139,602424.1818181819
137,9,7.762120861338049,606291.7777777779
138,11,7.3142851930229895,602424.1818181819
139,12,8.228201671269455,608374.9166666666
140,12,8.251379666592552,608374.9166666666
141,13,8.286295484638629,592047.8461538461
142,9,9.185325360494687,612253.7777777778
143,13,8.321659591737546,592047.8461538461
144,13,8.363098612945294,592047.8461538461
145,13,8.084424851039232,592047.8461538461
146,13,7.463302741966574,562606.6923076923
147,10,7.548040734645306,646418.9
148,10,8.443945173106075,603746.2
149,9,7.915207081930589,606291.7777777779
150,9,8.14027128440028,606291.7777777779
151,9,7.749740389676907,606291.7777777779
152,9,7.605843209398978,606291.7777777779
153,9,8.158414462034866,606291.7777777779
154,9,8.110701406119864,606291.7777777779
155,9,7.8499656996107525,606291.7777777779
156,9,7.413052219857969,606291.7777777779
157,9,8.001921054974904,606291.7777777779
158,9,7.840628141262471,606291.7777777779
159,9,7.560866303474631,606291.7777777779
160,9,8.102823132065831,606291.7777777779
161,9,8.664830612163849,622179.1111111111
162,9,7.915223908580018,606291.7777777779
163,10,9.023391389442324,618162.0
164,11,7.350307160038085,602424.1818181819
165,10,7.98496103075793,618881.6
166,9,8.401674331396537,606291.7777777779
167,9,8.704847218408196,622179.1111111111
168,10,8.064230251605329,618881.6
169,11,7.097268379051796,602424.1818181819
170,12,7.67148918267826,595921.6666666666
171,11,7.339383582977372,602424.1818181819
172,9,8.674722509785473,622179.1111111111
173,9,7.969640127831994,606291.7777777779
174,9,7.9077148005570965,606291.7777777779
175,12,7.674574397838161,595921.6666666666
176,12,7.6808737551365285,595921.6666666666
177,9,7.678890501847073,606291.7777777779
178,10,8.377419450898834,618881.6
179,9,8.370944052050259,606291.7777777779
180,9,8.702142125272571,622179.1111111111
181,9,7.84458899019029,606291.7777777779
182,9,8.30483180626144,650158.2222222222
183,9,7.858827339927418,606291.7777777779
184,9,7.744428155556394,606291.7777777779
185,9,7.993977686928334,606291.7777777779
186,9,8.657604361275029,622179.1111111111
187,9,8.331441651359023,606291.7777777779
188,11,6.855320138527272,587257.4545454546
189,9,8.68931392967346,622179.1111111111
190,9,7.8595687246167225,606291.7777777779
191,12,7.868020908784301,647914.5
192,13,6.959859193929553,562606.6923076923
193,13,6.605842868667721,562606.6923076923
194,13,6.598360384516438,562606.6923076923
195,11,8.052854867276084,610291.8181818182
196,13,6.597567301723512,562606.6923076923
197,11,5.956652136833875,587257.4545454546
198,13,6.402233593851786,562606.6923076923
199,13,6.836915059521448,562606.6923076923
200,13,6.82938382292614,562606.6923076923
201,11,6.313905937395621,587257.4545454546
202,13,6.418640566412458,562606.6923076923
203,12,7.853760700596979,647914.5
204,12,6.836037230373882,587476.5833333333
205,13,7.274984574271568,562606.6923076923
206,3,7.741252933739769,488931.0
207,3,7.815091774442511,488931.0
208,3,7.2090639543833746,488931.0
209,2,10.130204353900757,438453.0
210,5,8.411170102694696,540283.8
211,3,7.639567042266659,488931.0
212,5,8.50845868286232,540283.8
213,6,8.518654563795858,562711.6666666666
214,5,8.7213707710345,540283.8
215,4,7.4746809170151485,565892.25
216,3,8.354352099999716,488931.0
217,2,11.337193738901652,438453.0
218,3,7.499050017897179,488931.0
219,5,8.663728213642582,540283.8
220,3,8.161129701615398,488931.0
221,2,8.220239678616272,438453.0
222,2,8.504251629390856,438453.0
223,3,7.7102817084149,488931.0
224,2,8.600682084215782,438453.0
225,2,9.729863791366276,438453.0
226,3,8.50120026236166,488931.0
227,5,7.745542580233028,540283.8
228,5,8.453232971999945,540283.8
229,2,11.352644896170494,438453.0
230,3,7.9411989638192,488931.0
231,4,7.852031946717177,565892.25
232,2,9.810878154632695,438453.0
233,3,7.672345596023916,488931.0
234,5,7.729912450889606,540283.8
235,2,10.155639089641133,438453.0
236,3,8.606309516488086,488931.0
237,2,9.960408467180065,438453.0
238,3,8.562760758125407,488931.0
239,3,7.643584299331781,488931.0
240,2,8.540823133541656,438453.0
241,3,7.818279193544772,488931.0
242,2,10.04479212138195,438453.0
243,3,8.550606814859869,488931.0
244,5,8.714440330496199,540283.8
245,5,8.267556372276253,540283.8
246,3,7.874315681104662,488931.0
247,2,10.124159676079008,438453.0
248,5,7.720029313270121,540283.8
249,5,8.760133484256835,540283.8
250,2,10.20152860900439,438453.0
251,3,7.641959659006101,488931.0
252,2,8.355827443328996,438453.0
253,3,7.918907806673982,488931.0
254,3,7.2133710805112905,488931.0
255,5,8.73646343313188,540283.8
256,3,8.433132429479027,488931.0
257,3,8.509765270390439,488931.0
258,3,8.594600486339832,488931.0
259,3,8.63672797744557,488931.0
260,3,8.862459282300108,488931.0
261,3,8.852731517177467,488931.0
262,5,8.800925302496232,540283.8
263,6,8.677753298268138,562711.6666666666
264,2,10.058237843453858,438453.0
265,2,10.08833062539822,438453.0
266,2,9.992289713028716,438453.0
267,5,8.295746984572808,540283.8
268,2,7.055862021816813,438453.0
269,2,7.117074202773457,438453.0
270,2,10.191631500000218,438453.0
271,2,9.615805997028522,438453.0
272,2,9.840544365535996,438453.0
273,2,10.621031260911357,438453.0
274,5,7.914714368434225,540283.8
275,5,8.292099590488657,540283.8
276,5,8.28161558779092,540283.8
277,5,8.249303772000031,540283.8
278,5,8.082315371999917,540283.8
279,1,5.917536093012153,363828.0
280,5,7.909244978487852,540283.8
281,1,5.458549236045219,363828.0
282,2,11.388690449922839,438453.0
283,5,7.779358053316818,540283.8
284,3,8.584699299999865,488931.0
285,5,8.31555653118384,540283.8
286,5,8.39099038394043,540283.8
287,5,8.113235572341841,540283.8
288,3,8.146649269999607,633247.0
289,1,11.778784587178443,796776.0
290,1,11.667577502486811,796776.0
291,3,11.923578835573934,633247.0
292,1,11.705879590477853,796776.0
293,14,7.850960353666629,468422.7142857143
294,16,7.9371225877809195,473673.0625
295,14,7.318149556627613,516234.7857142858
296,16,7.821440803972648,473673.0625
297,16,7.768120415213982,473673.0625
298,12,6.628915453526726,553460.1666666666
299,13,6.8468247057864815,544567.0769230769
300,14,7.349984870288085,516234.7857142858
301,13,6.925344683526125,544567.0769230769
302,13,6.910568328514151,544567.0769230769
303,13,6.853849824002963,544567.0769230769
304,13,7.239192241661264,540335.6923076924
305,15,7.596452186258662,491194.73333333334
306,13,6.895884162084058,544567.0769230769
307,13,6.951908464522857,544567.0769230769
308,13,6.924781865215342,544567.0769230769
309,13,6.891452247692399,544567.0769230769
310,13,6.894425405468291,544567.0769230769
311,14,6.939845493355099,439229.2142857143
312,13,6.910558489392251,544567.0769230769
313,13,6.658471768136667,544567.0769230769
314,15,7.18423183070819,451251.0666666667
315,13,7.352942311930158,544567.0769230769
316,14,7.19598996343368,511785.5714285715
317,14,7.066992348931674,499500.2857142858
318,15,7.311114650060146,495390.2666666668
319,15,7.1412316121293,451251.0666666667
320,12,6.402169629231939,553460.1666666666
321,13,7.017436709632658,544567.0769230769
322,13,6.688654324255646,544567.0769230769
323,15,7.634573041050524,491194.73333333334
324,14,7.376598651399693,516234.7857142858
325,13,7.010725112141929,544567.0769230769
326,12,6.80977663094965,389192.4166666667
327,13,6.8686801001946,544567.0769230769
328,12,6.846792347695582,553460.1666666666
329,13,7.658979453179703,544567.0769230769
330,16,7.375934043749851,473673.0625
331,13,6.815770566435126,544567.0769230769
332,13,6.89712564603673,544567.0769230769
333,15,7.1359828713720175,451251.0666666667
334,13,7.362786171003629,544567.0769230769
335,15,7.1833316999999655,451251.0666666667
336,13,6.735991589916501,544567.0769230769
337,16,7.4015184759126855,473673.0625
338,14,6.942412303094307,439229.2142857143
339,16,7.9022007150052325,473673.0625
340,16,7.70465210934643,473673.0625
341,16,7.673308162694421,473673.0625
342,15,7.284132449031528,495390.2666666668
343,15,7.112223422735312,451251.0666666667
344,13,6.874273607549833,544567.0769230769
345,13,6.863727930989558,544567.0769230769
346,16,7.384224144970043,473673.0625
347,13,6.526972050000056,419117.53846153844
348,15,7.074968474488285,495390.2666666668
349,13,6.964275840988222,544567.0769230769
350,14,7.036055452186134,515714.7142857143
351,12,6.060869633185274,389192.4166666667
352,13,6.930151388182063,521704.30769230775
353,14,6.962007372856998,515714.7142857143
354,13,7.449946283051928,544567.0769230769
355,16,7.788811024544829,473673.0625
356,13,6.677509952868427,544567.0769230769
357,13,7.483496736380713,544567.0769230769
358,16,7.416056830033063,473673.0625
359,16,7.8970635444887805,473673.0625
360,13,7.4342979133102345,544567.0769230769
361,13,6.486559533379493,419117.53846153844
362,12,6.123618328243748,389192.4166666667
363,13,6.891589149439812,544567.0769230769
364,16,7.662634433251906,473673.0625
365,13,6.492896281167023,419117.53846153844
366,16,7.6735062460603185,473673.0625
367,12,6.28753662777918,389192.4166666667
368,16,7.655914991540033,473673.0625
369,12,6.083037237429548,389192.4166666667
370,16,7.963324885333034,473673.0625
371,16,7.92415305285915,473673.0625
372,11,5.548824072828055,386933.4545454546
373,16,7.895524657505821,473673.0625
374,14,7.565307800006236,499500.2857142858
375,11,5.481071637062293,386933.4545454546
376,14,6.751360294285694,515714.7142857143
377,12,6.01193806250019,389192.4166666667
378,12,6.153934242433519,389192.4166666667
379,16,7.942631091077118,473673.0625
380,13,6.9286071205552195,521704.30769230775
381,12,6.054996611325461,389192.4166666667
382,14,7.436181587421764,499500.2857142858
383,16,7.922097841855733,473673.0625
384,13,7.130678482417644,521704.30769230775
385,16,8.013727533949666,473673.0625
386,14,7.206275546694103,499500.2857142858
387,14,7.2889854303756945,499500.2857142858
388,16,7.914794170301371,473673.0625
389,14,7.307356454462362,499500.2857142858
390,12,6.253304408812607,573003.0833333333
391,13,6.595632682824106,562606.6923076923
392,16,7.412823420932725,473673.0625
393,13,6.594830579175957,562606.6923076923
394,12,6.202220027246778,573003.0833333333
395,16,7.420604402788285,473673.0625
396,15,7.180612027748513,451251.0666666667
397,13,6.4046677141605235,562606.6923076923
398,13,6.436357374048109,562606.6923076923
399,5,7.418408654935341,540283.8
400,5,6.61324909837929,602488.4
401,4,5.3802521387253535,584397.75
402,4,5.025055287935549,584397.75
403,6,8.277964844186387,562711.6666666666
404,6,7.225724481527131,618853.8333333334
405,4,6.082177866756165,584397.75
406,4,6.16451665155812,584397.75
407,4,6.129124253666607,584397.75
408,4,5.639802140182976,584397.75
409,4,5.977737202535469,584397.75
410,5,6.684327149222419,602488.4
411,6,7.885641513074214,562711.6666666666
412,7,7.002993888063585,646160.8571428572
413,7,7.825233039897726,646160.8571428572
414,4,4.975987917778218,584397.75
415,4,6.010641644155516,584397.75
416,6,6.717515318083024,618853.8333333334
417,6,6.818899458249852,618853.8333333334
418,4,5.460328856458993,584397.75
419,5,7.70563443303859,540283.8
420,5,6.43869491022455,602488.4
421,5,6.602512511591975,602488.4
422,7,6.664980671154379,646160.8571428572
423,7,7.786213022926725,646160.8571428572
424,7,7.283921987116556,646160.8571428572
425,7,7.8518516727131065,646160.8571428572
426,4,4.935279310000524,584397.75
427,7,7.6634730729418115,593234.4285714286
428,7,6.662683633226717,646160.8571428572
429,4,6.124559198494328,584397.75
430,4,4.74664915499981,584397.75
431,7,6.664613084601896,646160.8571428572
432,7,7.1786897377208865,646160.8571428572
433,6,6.888506352714003,618853.8333333334
434,5,6.122183109425125,607654.4
435,7,7.808571500850621,646160.8571428572
436,4,6.153761112942075,584397.75
437,6,6.957611930249293,618853.8333333334
438,4,5.076837061792547,584397.75
439,5,6.892382472271935,602488.4
440,4,6.220317524445225,584397.75
441,5,7.638182141940526,540283.8
442,5,6.5839943862839005,602488.4
443,4,5.495640350127644,584397.75
444,7,6.665106492537328,646160.8571428572
445,4,5.36444830677582,584397.75
446,7,7.698522208853079,593234.4285714286
447,6,8.06152440062951,562711.6666666666
448,4,4.934023434347884,584397.75
449,7,7.9498239203803145,593234.4285714286
450,7,7.072941784329513,646160.8571428572
451,6,7.0766986318984415,637074.1666666667
452,7,6.663575884704735,646160.8571428572
453,4,5.692606743646799,584397.75
454,7,7.415595526673613,646160.8571428572
455,4,5.026286340599842,584397.75
456,5,8.494177560403426,540283.8
457,7,6.661072409589941,646160.8571428572
458,7,7.378970149985643,646160.8571428572
459,6,7.251893586881021,637074.1666666667
460,4,4.6440956189927185,584397.75
461,4,5.270440663829504,584397.75
462,7,7.154150955860152,646160.8571428572
463,4,4.570894003383286,584397.75
464,7,6.558640139153745,646160.8571428572
465,5,6.503274882000209,602488.4
466,5,6.893687516428033,602488.4
467,6,6.996563892699815,637074.1666666667
468,6,7.1421908494944155,637074.1666666667
469,5,6.62183992155206,602488.4
470,6,7.061667739375942,618853.8333333334
471,5,6.607009091383823,602488.4
472,3,6.77862865999931,633247.0
473,4,6.408367680947265,584397.75
474,4,6.285734971720185,584397.75
475,6,7.242248420641982,637074.1666666667
476,6,7.255741147999412,637074.1666666667
477,6,7.203936772451009,618853.8333333334
478,6,6.879816118330304,618853.8333333334
479,9,7.097182483426768,625726.7777777778
480,9,7.085006226909698,625726.7777777778
481,10,7.6140783728100265,621237.7
482,12,8.028713801406738,647914.5
483,9,7.098948412663587,625726.7777777778
484,9,7.086764263831226,625726.7777777778
485,9,7.10049973285792,625726.7777777778
486,9,7.101910402795193,625726.7777777778
487,13,7.782609030944693,624898.6153846154
488,10,7.5381314121417935,625109.7999999999
489,9,7.098833333375725,625726.7777777778
490,9,7.100457007249276,625726.7777777778
491,9,7.097119273688696,625726.7777777778
492,9,7.1015987707866,625726.7777777778
493,9,7.097215627195458,625726.7777777778
494,13,7.4975926635822505,624898.6153846154
495,12,8.024907716650038,647914.5
496,12,8.013774082868174,647914.5
497,9,7.560881823669758,606291.7777777779
498,11,7.74324424715453,631120.5454545455
499,9,7.083642621089718,625726.7777777778
500,13,8.380559899556632,623474.6153846154
501,12,6.892087364597875,619371.1666666666
502,11,8.173683943469383,631120.5454545455
503,13,8.189935152446923,624028.1538461539
504,9,7.072563141445107,631774.4444444444
505,9,7.099896668764218,625726.7777777778
506,9,7.735192180526111,606291.7777777779
507,9,7.891282128525844,606291.7777777779
508,11,8.189525198781995,631120.5454545455
509,9,7.997021324208031,606291.7777777779
510,9,7.816849038064261,606291.7777777779
511,7,6.603468735380597,646160.8571428572
512,7,6.563066495581723,646160.8571428572
513,7,6.600974560027494,646160.8571428572
514,8,6.824087609651303,606665.25
515,7,6.9209253446412005,646160.8571428572
516,7,6.918394003562655,646160.8571428572
517,7,7.057121845713795,646160.8571428572
518,7,6.692358673954237,646160.8571428572
519,7,6.5981476805854005,646160.8571428572
520,8,7.227030441549043,606665.25
521,7,6.9137912503140555,646160.8571428572
522,7,6.601062984739405,646160.8571428572
523,7,6.9152528269393425,646160.8571428572
524,7,6.926072343145182,646160.8571428572
525,7,6.912315418066305,646160.8571428572
526,7,6.731816245350294,646160.8571428572
527,7,6.894727323344287,646160.8571428572
528,7,7.028365458386416,646160.8571428572
529,7,6.552445411350575,646160.8571428572
530,7,6.60189838135359,646160.8571428572
531,7,6.710686035679016,646160.8571428572
532,7,6.67234002054955,646160.8571428572
533,7,6.8908901533001075,646160.8571428572
534,7,7.080019377995932,646160.8571428572
535,7,6.356874095605664,646160.8571428572
536,7,6.770493997105046,646160.8571428572
537,7,6.606846026001841,646160.8571428572
538,7,7.019428609652206,646160.8571428572
539,7,6.618928760718626,646160.8571428572
540,7,6.910908233136495,646160.8571428572
541,7,6.5463497096664405,646160.8571428572
542,7,6.593435956201258,646160.8571428572
543,7,6.634910317950378,646160.8571428572
544,7,6.957796703375378,646160.8571428572
545,7,6.704496067760906,646160.8571428572
546,7,6.727396045712741,646160.8571428572
547,7,6.7105448083774055,646160.8571428572
548,13,6.928680274223262,562606.6923076923
549,13,7.019137014340625,544567.0769230769
550,13,7.686492468215346,544567.0769230769
551,7,7.058174759999646,646160.8571428572
552,7,6.928951153685512,646160.8571428572
553,7,6.770831767381212,646160.8571428572
554,7,6.753495858498718,646160.8571428572
555,7,7.008222224514631,646160.8571428572
556,7,6.213022311385256,646160.8571428572
557,7,6.7665224802338,646160.8571428572
558,7,6.600832443079337,646160.8571428572
559,7,6.91935319970605,646160.8571428572
560,7,6.641649632825356,646160.8571428572
561,8,7.252154451214366,607564.75
562,7,7.154604265714593,646160.8571428572
563,7,7.964816962410085,593234.4285714286
564,7,6.688670136729422,646160.8571428572
565,7,6.289179141278318,646160.8571428572
566,7,8.002141835445642,593234.4285714286
567,8,6.520260658639617,606665.25
568,9,7.101851694668952,625726.7777777778
569,9,7.6949210650645306,612253.7777777778
570,10,8.037349099234525,628850.2999999999
571,1,7.0000520798468315,363828.0
572,1,7.330820153099328,363828.0
573,1,8.658784476556352,363828.0
574,1,7.626497105193952,363828.0
575,1,9.266435917470051,363828.0
576,1,9.494721160999841,363828.0
577,1,8.921832128318187,363828.0
578,1,8.663280155591892,363828.0
579,1,10.321113000000029,363828.0
580,1,9.13354390351147,363828.0
581,1,9.112349008503589,363828.0
582,1,9.1162284484977,363828.0
583,1,8.932500719088083,363828.0
584,1,9.815473940877897,363828.0
585,1,10.101928359011268,363828.0
586,1,10.15277022818017,363828.0
587,1,8.989112999999584,363828.0
588,1,8.046853285506845,363828.0
589,1,9.969686893636776,363828.0
590,1,10.011702488983335,363828.0
591,1,10.822395277750296,363828.0
592,1,12.430112999999452,363828.0
593,1,9.97417139999996,363828.0
594,1,9.716989112325315,363828.0
595,1,10.078202400227774,363828.0
596,1,10.830223865655558,363828.0
597,1,11.065830749285244,363828.0
598,1,11.701698970519946,363828.0
599,1,9.355845956095123,363828.0
600,1,9.255728463484598,363828.0
601,1,10.425921902083456,363828.0
602,1,9.331678186914765,363828.0
603,1,9.231306998453395,363828.0
604,1,10.51936724612644,363828.0
605,8,8.632372667269346,630323.125
606,5,7.181961830588095,588825.6
607,4,6.443318737649669,533531.25
608,3,6.104977976234874,565425.0
609,8,8.493678509962068,627347.0
610,9,9.001984415962525,606291.7777777779
611,3,5.865766033518465,565425.0
612,3,5.502741514629804,565425.0
613,3,5.798614025423674,565425.0
614,4,6.502574047939179,533531.25
615,3,5.443314117338215,565425.0
616,3,5.149543067397627,565425.0
617,7,8.496391611428855,609195.142857143
618,9,8.699922488614591,622179.1111111111
619,8,8.443839554698586,627347.0
620,9,8.668833356172065,622179.1111111111
621,8,8.498846303128522,627347.0
622,8,8.119337055036642,627347.0
623,9,8.702151093990413,622179.1111111111
624,9,8.659695709992794,622179.1111111111
625,7,8.48098787507818,609195.142857143
626,7,8.477843668037691,609195.142857143
627,4,6.13945705388686,533531.25
628,4,6.2545945540502075,533531.25
629,9,8.690719980013137,622179.1111111111
630,8,8.515758069547962,627347.0
631,3,6.324487084363653,565425.0
632,3,5.166503774875711,565425.0
633,3,6.395510256582771,565425.0
634,9,8.680088941712862,622179.1111111111
635,3,5.911044634357658,565425.0
636,3,6.229597437654995,565425.0
637,9,8.671626120776013,622179.1111111111
638,7,8.463044362028924,609195.142857143
639,10,7.56039787655767,603746.2
640,3,5.928940950368467,565425.0
641,4,6.745279878346839,533531.25
642,9,8.702301982874344,622179.1111111111
643,4,7.140711988125185,533531.25
644,3,6.498826276706936,565425.0
645,4,6.728501319182454,533531.25
646,3,5.536350675916072,565425.0
647,3,5.863053059312389,565425.0
648,7,8.51666256487419,609195.142857143
649,4,6.669054646110247,533531.25
650,3,6.0661979030996775,565425.0
651,4,6.635611123428324,533531.25
652,4,6.834665304977831,533531.25
653,3,6.49669716999912,565425.0
654,3,6.3028982440468155,565425.0
655,3,6.528803523349271,565425.0
656,3,5.305185328937917,565425.0
657,4,6.23393891249464,533531.25
658,3,5.434516442119399,565425.0
659,10,7.536373674782171,603746.2
660,10,7.375218618006383,628927.3999999999
661,3,6.036051141602606,565425.0
662,9,7.512739058171374,606291.7777777779
663,4,6.7332194263361576,533531.25
664,4,6.869361531661879,533531.25
665,9,7.412785940977203,606291.7777777779
666,10,7.521162770323519,603746.2
667,10,8.04640199416196,618881.6
668,10,8.364814724850117,618881.6
669,11,8.377588470129007,610291.8181818182
670,10,8.043188385102987,618881.6
671,11,8.286064654148703,610291.8181818182
672,10,7.738778244423857,602198.2
673,9,8.449448695048906,650158.2222222222
674,10,7.62363352013695,602198.2
675,11,8.271734444646146,610291.8181818182
676,11,8.42959874463591,610291.8181818182
677,10,8.367889263820313,618881.6
678,10,7.527528877709558,602198.2
679,12,7.745807375292059,595921.6666666666
680,11,8.058217668843188,610291.8181818182
681,10,7.282580453799109,602198.2
682,12,7.685628252814349,595921.6666666666
683,10,7.503830698690835,602198.2
684,10,7.444675983000148,602198.2
685,9,7.29799426341601,591255.6666666666
686,7,7.2684532470436825,548063.857142857
687,12,7.559659968869199,595921.6666666666
688,10,8.35535701778344,618881.6
689,7,8.09146215347884,548063.857142857
690,8,7.287538674206402,580806.25
691,10,7.204596645481934,602198.2
692,10,7.523014870248787,602198.2
693,10,7.51163525310993,602198.2
694,10,7.718587308237663,550050.5
695,12,6.884257559886404,573003.0833333333
696,10,7.692287440098939,602198.2
697,9,7.332500919521006,591255.6666666666
698,10,7.865888687801838,618881.6
699,9,7.249014468534706,606291.7777777779
700,11,8.103211228955093,601770.0
701,10,7.69960444532291,628927.3999999999
702,10,7.619312019162709,628927.3999999999
703,10,7.658497846858254,628927.3999999999
704,10,7.655360422474243,628927.3999999999
705,3,6.115546174931232,565425.0
706,3,6.533611031307689,565425.0
707,2,3.5472431382078575,510712.0
708,2,3.6591520490150913,510712.0
709,2,6.091920100128913,510712.0
710,2,6.465718937050472,510712.0
711,2,5.8370978513265115,510712.0
712,2,6.504401340005739,510712.0
713,2,4.886095685618653,510712.0
714,2,5.706184388695078,510712.0
715,2,5.856831023315511,510712.0
716,2,3.53737892961745,510712.0
717,2,6.246587493268926,510712.0
718,2,6.516283242025217,510712.0
719,2,6.113720632348183,510712.0
720,2,6.288238126542357,510712.0
721,2,6.533276153139738,510712.0
722,2,6.041600487390156,510712.0
723,2,3.637594448586057,510712.0
724,2,6.4448223912953715,510712.0
725,2,6.5179989635736995,510712.0
726,2,6.133608370243188,510712.0
727,2,3.610347515150714,510712.0
728,2,3.6169890600233394,510712.0
729,7,8.638920895721693,609195.142857143
730,3,6.200030543261466,565425.0
731,2,3.938973204306045,510712.0
732,3,6.419223887942316,565425.0
733,2,6.666820654551582,510712.0
734,9,7.936285382416038,606291.7777777779
735,8,8.66521474708842,630323.125
736,2,3.625969561990658,510712.0
737,9,9.01000692898109,606291.7777777779
738,9,9.082172889598553,606291.7777777779
739,9,9.03527555666686,606291.7777777779
740,2,4.34632515637885,510712.0
741,7,8.387616595081816,657819.2857142858
742,2,4.061525851041107,510712.0
743,9,8.89855862868571,606291.7777777779
744,8,8.970437020502926,627347.0
745,8,8.497335574532903,627347.0
746,8,8.497565993247443,627347.0
747,8,8.486439539902738,627347.0
748,2,6.403673254113762,510712.0
749,2,6.345471800783621,510712.0
750,8,8.314222116522492,627347.0
751,10,6.9884838314925695,628927.3999999999
752,11,7.232203768635678,602424.1818181819
753,11,7.3421886620554835,602424.1818181819
754,11,7.275229480070736,602424.1818181819
755,12,7.3189617620031,595921.6666666666
756,11,7.351057147616588,602424.1818181819
757,12,7.537108808674137,601379.4166666667
758,12,7.754928327499934,616019.9166666667
759,11,7.089435984529038,602424.1818181819
760,11,7.323927757763333,602424.1818181819
761,11,7.167235933573514,602424.1818181819
762,11,7.302667542942593,602424.1818181819
763,13,6.952081633131526,562606.6923076923
764,10,8.266974136154783,618881.6
765,10,8.365115733000527,618881.6
766,10,8.288903133709232,618881.6
767,10,8.34537937249335,618881.6
768,7,8.41527563965343,609195.142857143
769,5,7.175327030951488,588825.6
770,10,8.240329915176988,618881.6
771,5,7.10207685432758,588825.6
772,9,8.099447698993497,606291.7777777779
773,10,8.353370671489431,618881.6
774,4,6.910902905358947,533531.25
775,10,7.399946447301895,628927.3999999999
776,9,7.557741061518165,606291.7777777779
777,9,7.561106963652085,606291.7777777779
778,10,7.732597295398231,550050.5
779,10,7.924935999455725,550050.5
780,10,7.7616323597557395,550050.5
781,8,6.84288645479667,580806.25
782,10,7.253859516075854,602198.2
783,9,7.341024220000655,591255.6666666666
784,8,6.868899641249779,580806.25
785,13,6.986788460843864,562606.6923076923
786,12,6.198931739799473,573003.0833333333
787,12,6.242865288325614,573003.0833333333
788,8,7.292123392375194,580806.25
789,13,6.933678946585926,562606.6923076923
790,13,6.930210654639599,562606.6923076923
791,13,7.002278505326266,539743.923076923
792,13,6.87064580999969,562606.6923076923
793,13,6.835915921616437,562606.6923076923
794,8,6.90714910855754,580806.25
795,13,6.594022774101697,562606.6923076923
796,10,7.756218387234528,602198.2
797,13,7.044656227762234,539743.923076923
798,11,6.282016039090473,587257.4545454546
799,14,7.898321232857262,499500.2857142858
800,12,6.429286407620626,576480.3333333333
801,13,6.838248442792892,562606.6923076923
802,11,8.056938392685964,610291.8181818182
803,13,7.028069136365469,521704.30769230775
804,10,7.7161775630666325,602198.2
805,12,7.744856468436455,595921.6666666666
806,14,6.698072308852263,499500.2857142858
807,10,7.43747890845719,602198.2
808,10,7.285805020414053,602198.2
809,11,8.057061283790924,610291.8181818182
810,7,8.493421621518596,548063.857142857
811,7,7.977444062276404,548063.857142857
812,7,7.19506167739283,548063.857142857
813,8,6.950860619221988,580806.25
814,11,8.419695282242378,610291.8181818182
815,10,7.609094669684199,602198.2
816,10,7.463973354198912,602198.2
817,10,7.636396327956618,602198.2
818,7,9.55962994548928,548063.857142857
819,11,7.847375593039823,589083.0909090909
820,10,7.625479902171065,602198.2
821,11,7.841210633745603,610291.8181818182
822,10,7.325721722999888,602198.2
823,10,7.404072575861096,602198.2
824,10,7.35845710323198,602198.2
825,10,7.225549588213268,602198.2
826,12,8.257299085115804,573003.0833333333
827,10,7.583076781683467,550050.5
828,10,7.108001259461344,602198.2
829,12,7.88919547643421,573003.0833333333
830,9,8.682458903260232,521166.8888888889
831,10,8.33914517883875,618881.6
832,11,7.583736208097913,610291.8181818182
833,9,9.150057897274596,622179.1111111111
834,11,7.598591009119656,610291.8181818182
835,12,6.128000995326073,389192.4166666667
836,12,6.064890845198831,389192.4166666667
837,12,6.066078012485227,389192.4166666667
838,15,7.199361306250375,451251.0666666667
839,16,7.6086051454333425,473673.0625
840,15,7.215980342108297,451251.0666666667
841,16,7.705162294730442,473673.0625
842,15,7.12707361670679,451251.0666666667
843,15,7.139058581917146,451251.0666666667
844,16,7.646145455251365,473673.0625
845,15,7.265915872029349,451251.0666666667
846,16,7.87769617560176,473673.0625
847,16,8.264765681285272,473673.0625
848,13,6.529277436176044,419117.53846153844
849,16,7.947094440992397,473673.0625
850,12,6.070959921144454,389192.4166666667
851,16,8.075868022900536,473673.0625
852,15,7.144603247439882,451251.0666666667
853,15,7.163043874639411,451251.0666666667
854,16,7.706357380112877,473673.0625
855,16,7.7073896258132155,473673.0625
856,12,6.124889189216922,389192.4166666667
857,13,6.531960480085711,419117.53846153844
858,16,8.01532628174683,473673.0625
859,16,8.012049355847926,473673.0625
860,16,7.8784833755257075,473673.0625
861,16,8.108765585108191,473673.0625
862,16,7.9050580112907,473673.0625
863,15,7.678683369358229,491723.0666666667
864,16,7.930853210916871,473673.0625
865,13,6.675618431082411,419117.53846153844
866,16,7.975766909216776,473673.0625
867,13,7.007703030882669,521704.30769230775
868,12,6.090380355505814,389192.4166666667
869,13,7.011467902402502,521704.30769230775
870,10,5.2161260171481025,367543.19999999995
871,9,5.425448727784029,343713.77777777775
872,11,5.9790252430414,386933.4545454546
873,9,4.7676386195884675,343713.77777777775
874,11,5.7850543541734325,386933.4545454546
875,11,5.7803770815145015,386933.4545454546
876,11,6.164386162645726,386933.4545454546
877,11,5.713289724258571,386933.4545454546
878,9,5.81686903699741,343713.77777777775
879,10,6.068931600788394,367543.19999999995
880,11,5.690511291831292,386933.4545454546
881,9,5.99327405787994,343713.77777777775
882,11,6.383814117008569,386933.4545454546
883,10,5.413049601596123,367543.19999999995
884,11,6.6286298368853664,386933.4545454546
885,9,4.7565254525651675,343713.77777777775
886,9,5.047363628001832,343713.77777777775
887,11,5.726063152228308,386933.4545454546
888,11,5.742785656364626,386933.4545454546
889,11,5.721480732434712,386933.4545454546
890,11,5.739565712245602,386933.4545454546
891,9,6.276641519999575,343713.77777777775
892,9,6.390555866911277,343713.77777777775
893,11,5.785799587316772,386933.4545454546
894,9,5.827691298867173,343713.77777777775
895,9,4.9846469102464255,343713.77777777775
896,11,5.75423201705506,386933.4545454546
897,11,5.6896544234041615,386933.4545454546
898,11,5.692927168478696,386933.4545454546
899,10,5.298777294556203,367543.19999999995
900,10,5.313373808701326,367543.19999999995
901,11,5.6350271460735915,386933.4545454546
902,11,5.66102082270149,386933.4545454546
903,7,4.953505606449017,318805.4285714285
904,8,5.174414524222451,344504.0
905,9,6.379215906242585,343713.77777777775
906,8,5.619705989204137,344504.0
907,8,4.8914994687377416,344504.0
908,10,5.63412596014617,367543.19999999995
909,10,5.922792071866512,367543.19999999995
910,8,4.587974049840165,344504.0
911,10,6.22477326713865,367543.19999999995
912,8,4.7940497931506325,344504.0
913,11,5.677316408459364,386933.4545454546
914,9,5.413882561978978,343713.77777777775
915,8,5.052312390726646,344504.0
916,11,5.738929020139948,386933.4545454546
917,8,4.737636250572468,344504.0
918,8,5.975527398183688,344504.0
919,11,5.651193211073217,386933.4545454546
920,8,5.466750974224698,344504.0
921,9,4.996705722391054,343713.77777777775
922,9,5.225638195574797,343713.77777777775
923,10,6.013800796260232,367543.19999999995
924,10,5.330723293425186,367543.19999999995
925,9,6.226301798911601,343713.77777777775
926,11,5.752259897086672,386933.4545454546
927,11,5.736054789920786,386933.4545454546
928,11,6.283158515083122,386933.4545454546
929,11,5.8974424715837195,386933.4545454546
930,10,6.339803062274503,367543.19999999995
931,8,6.171833819788205,344504.0
932,10,5.6400477190827,367543.19999999995
933,8,5.695043350127266,344504.0
934,8,5.0686439939857655,344504.0
935,8,4.702043325104368,344504.0
936,7,5.113304603034615,318805.4285714285
937,9,4.9446173438672325,343713.77777777775
938,8,6.098139636671952,344504.0
939,8,4.467127435172836,344504.0
940,8,4.933409177998943,344504.0
941,8,5.688912743066396,344504.0
942,7,4.933567411214727,318805.4285714285
943,8,6.031772066036417,344504.0
944,8,4.574917963916009,344504.0
945,8,4.704479425521853,344504.0
946,7,4.938304452689352,318805.4285714285
947,9,5.4164338107970575,343713.77777777775
948,8,5.316488388776399,344504.0
949,8,6.001396652803379,344504.0
950,8,5.596874636237658,344504.0
951,8,5.840260068827288,344504.0
952,7,5.337835529444113,318805.4285714285
953,8,6.173621799291965,344504.0
954,7,6.0006188793727535,318805.4285714285
955,7,5.745475718701846,318805.4285714285
956,7,5.363630369094935,318805.4285714285
957,7,5.403820747868579,318805.4285714285
958,7,5.894157771383735,318805.4285714285
959,7,6.236795384112325,318805.4285714285
960,8,4.652464824889062,344504.0
961,7,5.2509678105381,318805.4285714285
962,8,6.407695331272883,344504.0
963,8,6.454908312669023,344504.0
964,11,6.546319343493363,386933.4545454546
965,7,6.000526861162687,318805.4285714285
966,8,6.571443398142215,344504.0
967,7,6.212024657456311,318805.4285714285
968,8,6.5907613775057925,344504.0
969,8,6.620457357355153,344504.0
970,8,6.582901906168239,344504.0
971,7,6.311574046863184,318805.4285714285
972,7,5.78500913832819,318805.4285714285
973,8,5.975168256522185,344504.0
974,7,6.283833557690979,318805.4285714285
975,7,6.27248821714291,318805.4285714285
976,7,6.531076560805344,318805.4285714285
977,7,6.347528967649579,318805.4285714285
978,7,5.77008092564572,318805.4285714285
979,7,6.752083425590612,318805.4285714285
980,7,6.081581861795755,318805.4285714285
981,7,6.4664513207532215,318805.4285714285
982,7,6.76918362689106,318805.4285714285
983,7,7.387504712923001,318805.4285714285
984,8,6.5513740366240505,344504.0
985,7,6.221274719999877,318805.4285714285
986,7,5.750606570555753,318805.4285714285
987,7,6.143837794973637,318805.4285714285
988,7,6.497121159065502,318805.4285714285
989,7,5.889985881360601,318805.4285714285
990,7,6.301388409372416,318805.4285714285
991,7,6.529706931428537,318805.4285714285
992,7,6.104357870216779,318805.4285714285
993,7,6.5032917270146875,318805.4285714285
994,7,7.37576874195137,318805.4285714285
995,8,5.896446378012401,344504.0
996,8,5.674411773920655,344504.0
997,8,5.683550450351335,344504.0
998,7,5.812591830071387,318805.4285714285
999,7,5.9062875776352275,318805.4285714285
1000,8,5.774877741878926,344504.0
1001,8,5.683921286717281,344504.0
1002,8,5.737025882397676,344504.0
1003,8,5.727135248594765,344504.0
1004,8,5.729513860217269,344504.0
1005,8,5.729073524999977,344504.0
1006,8,5.690420539160471,344504.0
1007,8,5.7518183301543235,344504.0
1008,8,4.960657109446519,344504.0
1009,8,4.894813976672186,344504.0
1010,8,4.691502934457787,344504.0
1011,8,4.440604871983945,344504.0
1012,8,4.95949716589638,344504.0
1013,9,5.377341051268223,343713.77777777775
1014,7,4.855577650969184,318805.4285714285
1015,8,4.575681682500607,344504.0
1016,8,4.969577208037915,344504.0
1017,8,4.660539455406795,344504.0
1018,9,5.391093149981203,343713.77777777775
1019,8,4.693916316963895,344504.0
1020,8,4.688244357615533,344504.0
1021,8,4.551649123569533,344504.0
1022,9,5.461437719924017,343713.77777777775
1023,9,5.487656136633792,343713.77777777775
1024,8,4.559388980207794,344504.0
1025,8,4.671528305785859,344504.0
1026,8,4.978347704030501,344504.0
1027,8,4.8335285702716035,344504.0
1028,9,5.779536985158529,343713.77777777775
1029,9,5.394743746408819,343713.77777777775
1030,9,5.444864126250469,343713.77777777775
1031,9,5.281770720000337,343713.77777777775
1032,9,5.367986552991328,343713.77777777775
1033,16,7.385173022023421,473673.0625
1034,8,7.043999235602693,344504.0
1035,7,5.47907303216175,318805.4285714285
1036,7,5.567368270526153,318805.4285714285
1037,8,5.9144155586600355,344504.0
1038,11,6.5320260020167416,386933.4545454546
1039,11,5.752307122293208,386933.4545454546
1040,11,5.5849426171765355,386933.4545454546
1041,11,5.705479718181821,386933.4545454546
1042,11,5.759474182730264,386933.4545454546
1043,12,6.098037066560207,389192.4166666667
1044,11,5.682212100000126,386933.4545454546
1045,11,5.691220833882559,386933.4545454546
1046,11,5.70595601883491,386933.4545454546
1047,11,5.604512725559143,386933.4545454546
1048,12,6.119756062499815,389192.4166666667
1049,11,5.753272798794205,386933.4545454546
1050,11,5.473748003040038,386933.4545454546
1051,12,6.1922097844188615,389192.4166666667
1052,12,6.227693354118412,389192.4166666667
1053,11,5.785268514224828,386933.4545454546
1054,7,6.001555508440367,318805.4285714285
1055,7,6.002495855436508,318805.4285714285
1056,7,5.041225956826236,318805.4285714285
1057,16,7.375934043749853,473673.0625
1058,16,7.956518962374378,473673.0625
1059,16,7.375934043749851,473673.0625
1060,15,7.593430322430878,491194.73333333334
1061,14,7.32920026687494,516234.7857142858
1062,14,7.438910379396323,516234.7857142858
1063,15,7.359908397861432,495390.2666666668
1064,15,7.077146674314315,495390.2666666668
1065,15,7.203214704230765,495390.2666666668
1066,15,7.358226657928493,495390.2666666668
1067,14,7.847855570632621,468422.7142857143
1068,15,7.115537369728052,451251.0666666667
1069,7,7.331348799648163,318805.4285714285
1070,14,7.845895577268182,468422.7142857143
1071,14,7.846216298236502,468422.7142857143
1072,15,7.801939273063337,451251.0666666667
1073,16,7.375934043749851,473673.0625
1074,14,6.599437111786301,515714.7142857143
1075,16,7.393358343348815,473673.0625
1076,15,7.275672634997086,495390.2666666668
1077,15,7.291917448090016,495390.2666666668
1078,14,6.541572194855416,515714.7142857143
1079,13,6.9948890561823704,539743.923076923
1080,15,7.13198495076853,495390.2666666668
1081,8,4.994331852303272,344504.0
1082,8,4.944478678809045,344504.0
1083,8,4.946912643017402,344504.0
1084,11,6.522528189016652,386933.4545454546
1085,11,6.10546600435781,386933.4545454546
1086,15,7.110315643818346,451251.0666666667
1087,2,7.25844228809007,510712.0
1088,2,7.261200284331686,510712.0
1089,2,6.994851554220109,510712.0
1090,2,7.665837728055841,510712.0
1091,2,7.31379373900948,510712.0
1092,2,6.986142892116039,510712.0
1093,2,9.667650863600898,510712.0
1094,2,7.701041690432174,510712.0
1095,2,9.09511878707545,510712.0
1096,2,8.599646810322508,510712.0
1097,2,6.767806293018165,510712.0
1098,2,8.597479871911634,510712.0
1099,2,7.015246257000225,510712.0
1100,2,6.36875819221553,510712.0
1101,2,8.635776958434114,510712.0
1102,2,8.639997608354022,510712.0
1103,2,7.2563281907367845,510712.0
1104,2,7.2582118245299085,510712.0
1105,2,9.641514353364311,510712.0
1106,2,9.990624690517437,421637.0
1107,2,7.201123105477276,510712.0
1108,2,8.100861851754718,510712.0
1109,2,6.964137462378083,510712.0
1110,2,7.256195567915952,510712.0
1111,2,7.085784208934285,510712.0
1112,2,8.637140621598721,510712.0
1113,1,8.10666560111487,330196.0
1114,2,8.554191156413385,510712.0
1115,2,9.991826455352241,421637.0
1116,2,10.009791918226357,421637.0
1117,2,10.775033210908125,421637.0
1118,2,10.342143067543534,421637.0
1119,2,7.1577290560128795,510712.0
1120,1,9.557557319999397,330196.0
1121,2,10.681156046807063,421637.0
1122,2,10.525032530983617,421637.0
1123,2,10.198518305784583,421637.0
1124,2,7.28666216876762,510712.0
1125,2,10.103593563334035,421637.0
1126,2,10.096561177401904,421637.0
1127,2,10.348980659999446,421637.0
1128,2,8.092879688067082,510712.0
